,iteration,time,id,x,y,dx,dy
0,0,0.0,0,332.28958,90.021416,-0.7104187,0.02141571
1,1,0.004,0,332.73032,90.01174,0.44073486,-0.009674072
2,2,0.008,0,333.38556,90.028206,0.6552429,0.016464233
3,3,0.012,0,333.00055,90.00197,-0.38500977,-0.026237488
4,4,0.016,0,332.3182,90.0319,-0.6823425,0.029930115
5,5,0.02,0,332.79147,90.02176,0.4732666,-0.010139465
6,6,0.024,0,333.41302,90.02776,0.6215515,0.0060043335
7,7,0.028,0,332.89984,90.014275,-0.5131836,-0.0134887695
8,8,0.032,0,332.4216,90.02806,-0.47824097,0.013786316
9,9,0.036,0,332.90414,90.01452,0.48254395,-0.013542175
10,10,0.04,0,333.42938,90.02477,0.52523804,0.010253906
11,11,0.044,0,332.86307,90.01309,-0.5663147,-0.011680603
12,12,0.048,0,332.44455,90.030556,-0.41851807,0.017463684
13,13,0.052,0,332.92435,90.0215,0.47979736,-0.009056091
14,14,0.056,0,333.4239,90.037865,0.49954224,0.016365051
15,15,0.06,0,332.7512,90.0208,-0.672699,-0.017066956
16,16,0.064,0,332.47015,90.22176,-0.28103638,0.20096588
17,17,0.068,0,333.13617,90.20658,0.6660156,-0.015182495
18,18,0.072,0,333.37622,90.21633,0.24005127,0.009750366
19,19,0.076,0,332.7064,90.21436,-0.6698303,-0.0019683838
20,20,0.08,0,332.42804,90.241905,-0.27835083,0.027542114
21,21,0.084,0,333.21228,90.22192,0.7842407,-0.019989014
22,22,0.088,0,333.39664,90.235954,0.18435669,0.014038086
23,23,0.092,0,332.65747,90.22882,-0.73916626,-0.007133484
24,24,0.096,0,332.6244,90.23116,-0.033081055,0.0023422241
25,25,0.1,0,333.2484,90.229164,0.62402344,-0.0019989014
26,26,0.104,0,333.30606,90.23053,0.057647705,0.0013656616
27,27,0.108,0,332.63043,90.23097,-0.67562866,0.00044250488
28,28,0.112,0,332.60822,90.228004,-0.022216797,-0.0029678345
29,29,0.116,0,333.2594,90.22741,0.6511841,-0.0005950928
30,30,0.12,0,333.2373,90.218315,-0.022094727,-0.009094238
31,31,0.124,0,332.48782,90.244415,-0.7494812,0.026100159
32,32,0.128,0,332.6227,90.242424,0.1348877,-0.001991272
33,33,0.132,0,333.42377,90.24085,0.8010559,-0.0015716553
34,34,0.136,0,333.14905,90.21164,-0.27471924,-0.029212952
35,35,0.14,0,332.48904,90.24689,-0.66000366,0.035247803
36,36,0.144,0,332.62653,90.23937,0.13748169,-0.0075149536
37,37,0.148,0,333.44482,90.24158,0.81829834,0.002204895
38,38,0.152,0,333.1169,90.2349,-0.32791138,-0.00667572
39,39,0.156,0,332.4865,90.243256,-0.6304016,0.008354187
40,40,0.16,0,332.77682,90.241714,0.29031372,-0.0015411377
41,41,0.164,0,333.44678,90.246544,0.6699524,0.0048294067
42,42,0.168,0,333.1187,90.24066,-0.32806396,-0.005882263
43,43,0.172,0,332.48975,90.248314,-0.6289673,0.0076522827
44,44,0.176,0,332.8133,90.24825,0.32354736,-6.1035156e-05
45,45,0.18,0,333.44522,90.24732,0.6319275,-0.00093078613
46,46,0.184,0,332.83356,90.25384,-0.6116638,0.006515503
47,47,0.188,0,332.48712,90.25132,-0.34643555,-0.0025177002
48,48,0.192,0,332.83234,90.25431,0.34521484,0.0029907227
49,49,0.196,0,333.45554,90.2521,0.62319946,-0.0022125244
50,50,0.2,0,332.78796,90.246544,-0.667572,-0.005554199
51,51,0.204,0,332.48444,90.253456,-0.30352783,0.0069122314
52,52,0.208,0,332.8983,90.25982,0.41384888,0.006362915
53,53,0.212,0,333.4521,90.2539,0.5538025,-0.00592041
54,54,0.216,0,332.7834,90.248604,-0.6687012,-0.0052948
55,55,0.22,0,332.47723,90.250496,-0.30615234,0.0018920898
56,56,0.224,0,333.11395,90.24779,0.63671875,-0.002708435
57,57,0.228,0,333.45093,90.25612,0.3369751,0.008331299
58,58,0.232,0,332.61566,90.24862,-0.8352661,-0.007499695
59,59,0.236,0,332.47998,90.257706,-0.13568115,0.009086609
60,60,0.24,0,333.13266,90.254524,0.65267944,-0.0031814575
61,61,0.244,0,333.45053,90.25876,0.3178711,0.004234314
62,62,0.248,0,332.61697,90.248055,-0.8335571,-0.0107040405
63,63,0.252,0,332.48145,90.257866,-0.13552856,0.009811401
64,64,0.256,0,333.26123,90.26756,0.77978516,0.00969696
65,65,0.26,0,333.32812,90.25106,0.06689453,-0.01650238
66,66,0.264,0,332.6184,90.25623,-0.7097168,0.0051727295
67,67,0.268,0,332.52426,90.25455,-0.09414673,-0.0016860962
68,68,0.272,0,333.32364,90.259796,0.79937744,0.0052490234
69,69,0.276,0,333.30978,90.26039,-0.0138549805,0.0005950928
70,70,0.28,0,332.52246,90.250496,-0.787323,-0.009895325
71,71,0.284,0,332.64697,90.24236,0.12451172,-0.008132935
72,72,0.288,0,333.28094,90.26444,0.63397217,0.022079468
73,73,0.292,0,333.22125,90.25144,-0.059692383,-0.013000488
74,74,0.296,0,332.48636,90.26325,-0.7348938,0.011810303
75,75,0.3,0,332.68698,90.245766,0.20062256,-0.017486572
76,76,0.304,0,333.39734,90.256714,0.71035767,0.010948181
77,77,0.308,0,333.16333,90.25109,-0.23400879,-0.005622864
78,78,0.312,0,332.46866,90.25637,-0.69467163,0.005279541
79,79,0.316,0,332.6822,90.243126,0.2135315,-0.013244629
80,80,0.32,0,333.41098,90.25722,0.7287903,0.014091492
81,81,0.324,0,333.1219,90.24083,-0.28909302,-0.01638794
82,82,0.328,0,332.46573,90.25773,-0.65615845,0.016899109
83,83,0.332,0,332.85318,90.24134,0.38745117,-0.01638794
84,84,0.336,0,333.44708,90.26201,0.5939026,0.02066803
85,85,0.34,0,332.93066,90.25153,-0.51641846,-0.010475159
86,86,0.344,0,332.4277,90.26346,-0.5029602,0.011924744
87,87,0.348,0,332.88507,90.25459,0.45736694,-0.008865356
88,88,0.352,0,333.4599,90.26359,0.5748291,0.008995056
89,89,0.356,0,332.92114,90.25395,-0.5387573,-0.009635925
90,90,0.36,0,332.46637,90.26375,-0.45477295,0.009796143
91,91,0.364,0,332.96423,90.24917,0.49786377,-0.014579773
92,92,0.368,0,333.53506,90.23725,0.5708313,-0.011917114
93,93,0.372,0,332.7783,90.24699,-0.7567749,0.009735107
94,94,0.376,0,332.50854,90.26616,-0.26974487,0.019172668
95,95,0.38,0,333.0568,90.238884,0.5482483,-0.027275085
96,96,0.384,0,333.42935,90.261734,0.3725586,0.022850037
97,97,0.388,0,332.77258,90.24914,-0.6567688,-0.01259613
98,98,0.392,0,332.5573,90.24512,-0.215271,-0.004020691
99,99,0.396,0,333.10477,90.24162,0.54745483,-0.0034942627
100,100,0.4,0,333.42712,90.27163,0.32235718,0.030006409
101,101,0.404,0,332.65543,90.264786,-0.771698,-0.006843567
102,102,0.408,0,332.43893,90.27838,-0.2164917,0.013595581
103,103,0.412,0,333.19165,90.26209,0.75271606,-0.016288757
104,104,0.416,0,333.41165,90.275024,0.22000122,0.012931824
105,105,0.42,0,332.63217,90.26252,-0.77948,-0.012504578
106,106,0.424,0,332.62946,90.262474,-0.0027160645,-4.5776367e-05
107,107,0.428,0,333.205,90.26636,0.575531,0.0038833618
108,108,0.432,0,333.36456,90.27277,0.15957642,0.006416321
109,109,0.436,0,332.6394,90.26392,-0.7251587,-0.008850098
110,110,0.44,0,332.64148,90.26424,0.0020751953,0.00031280518
111,111,0.444,0,333.36633,90.274445,0.7248535,0.01020813
112,112,0.448,0,333.23843,90.2659,-0.12789917,-0.008544922
113,113,0.452,0,332.5793,90.279686,-0.65911865,0.013786316
114,114,0.456,0,332.64053,90.26557,0.06121826,-0.01411438
115,115,0.46,0,333.366,90.27536,0.72546387,0.009788513
116,116,0.464,0,333.12955,90.28178,-0.2364502,0.006416321
117,117,0.468,0,332.57916,90.27813,-0.5503845,-0.0036468506
118,118,0.472,0,332.79153,90.264496,0.21237183,-0.013633728
119,119,0.476,0,333.36227,90.27056,0.57073975,0.0060653687
120,120,0.48,0,333.06766,90.26744,-0.2946167,-0.0031204224
121,121,0.484,0,332.42017,90.27564,-0.64749146,0.008201599
122,122,0.488,0,332.75235,90.280136,0.33218384,0.0044937134
123,123,0.492,0,333.41132,90.27496,0.65896606,-0.0051727295
124,124,0.496,0,333.02975,90.26577,-0.38156128,-0.00919342
125,125,0.5,0,332.41467,90.276115,-0.6150818,0.010345459
126,126,0.504,0,332.77353,90.280334,0.3588562,0.004219055
127,127,0.508,0,333.40204,90.27579,0.6285095,-0.004547119
128,128,0.512,0,332.8423,90.26705,-0.5597534,-0.008735657
129,129,0.516,0,332.3991,90.27579,-0.44317627,0.008735657
130,130,0.52,0,332.81772,90.28546,0.41860962,0.009674072
131,131,0.524,0,333.4021,90.27283,0.5843811,-0.012634277
132,132,0.528,0,332.77084,90.28449,-0.6312561,0.011665344
133,133,0.532,0,332.40265,90.27835,-0.36819458,-0.0061416626
134,134,0.536,0,333.02478,90.269745,0.62213135,-0.008605957
135,135,0.54,0,333.40054,90.27787,0.37576294,0.008125305
136,136,0.544,0,332.7683,90.28781,-0.63223267,0.009941101
137,137,0.548,0,332.40662,90.28267,-0.36169434,-0.005142212
138,138,0.552,0,333.10483,90.279724,0.69821167,-0.0029449463
139,139,0.556,0,333.40344,90.28027,0.2986145,0.0005493164
140,140,0.56,0,332.69202,90.27924,-0.7114258,-0.0010299683
141,141,0.564,0,332.40402,90.28242,-0.28799438,0.0031738281
142,142,0.568,0,333.1003,90.27892,0.69628906,-0.0034942627
143,143,0.572,0,333.401,90.28044,0.3006897,0.0015182495
144,144,0.576,0,332.5898,90.28576,-0.81118774,0.005317688
145,145,0.58,0,332.59375,90.28457,0.0039367676,-0.0011901855
146,146,0.584,0,333.29678,90.27593,0.70303345,-0.008636475
147,147,0.588,0,333.40884,90.280235,0.11206055,0.0043029785
148,148,0.592,0,332.5899,90.28427,-0.8189392,0.0040359497
149,149,0.596,0,332.58978,90.284225,-0.00012207031,-4.5776367e-05
150,150,0.6,0,333.31015,90.27543,0.72036743,-0.008796692
151,151,0.604,0,333.28806,90.27577,-0.022094727,0.00034332275
152,152,0.608,0,332.58563,90.285866,-0.7024231,0.010093689
153,153,0.612,0,332.58786,90.2862,0.0022277832,0.00033569336
154,154,0.616,0,333.3877,90.2785,0.7998352,-0.007698059
155,155,0.62,0,333.2642,90.26936,-0.12350464,-0.009140015
156,156,0.624,0,332.6105,90.29163,-0.6536865,0.022270203
157,157,0.628,0,332.61334,90.29169,0.0028381348,5.340576e-05
158,158,0.632,0,333.43402,90.285095,0.8206787,-0.006591797
159,159,0.636,0,333.17798,90.29784,-0.25604248,0.012741089
160,160,0.64,0,332.49768,90.29587,-0.68029785,-0.0019683838
161,161,0.644,0,332.75247,90.28586,0.25479126,-0.010009766
162,162,0.648,0,333.3895,90.299416,0.6370239,0.013557434
163,163,0.652,0,333.0899,90.289185,-0.29959106,-0.010231018
164,164,0.656,0,332.54962,90.28558,-0.5402832,-0.0036010742
165,165,0.66,0,332.77988,90.28955,0.23025513,0.003967285
166,166,0.664,0,333.49182,90.30604,0.7119446,0.016487122
167,167,0.668,0,333.04153,90.2806,-0.45028687,-0.025436401
168,168,0.672,0,332.47067,90.28637,-0.5708618,0.0057678223
169,169,0.676,0,332.95435,90.28025,0.4836731,-0.0061187744
170,170,0.68,0,333.4657,90.29083,0.51135254,0.01058197
171,171,0.684,0,332.9299,90.28015,-0.5357971,-0.010681152
172,172,0.688,0,332.43362,90.29997,-0.49627686,0.019821167
173,173,0.692,0,332.88034,90.287964,0.4467163,-0.012008667
174,174,0.696,0,333.41382,90.30004,0.5334778,0.012077332
175,175,0.7,0,332.82364,90.285194,-0.59017944,-0.014846802
176,176,0.704,0,332.4267,90.29973,-0.39694214,0.014533997
177,177,0.708,0,333.0298,90.29145,0.6030884,-0.008277893
178,178,0.712,0,333.3914,90.297134,0.36160278,0.005683899
179,179,0.716,0,332.76813,90.28431,-0.6232605,-0.012825012
180,180,0.72,0,332.5232,90.297806,-0.24493408,0.013496399
181,181,0.724,0,333.0911,90.30056,0.5679016,0.0027542114
182,182,0.728,0,333.33368,90.31505,0.24258423,0.01448822
183,183,0.732,0,332.71542,90.30169,-0.6182556,-0.01335907
184,184,0.736,0,332.55475,90.305824,-0.16067505,0.004135132
185,185,0.74,0,333.16147,90.30027,0.60672,-0.005554199
186,186,0.744,0,333.3269,90.31666,0.16543579,0.01638794
187,187,0.748,0,332.5654,90.307556,-0.7615051,-0.009101868
188,188,0.752,0,332.55756,90.307915,-0.007843018,0.00035858154
189,189,0.756,0,333.24606,90.31338,0.6885071,0.0054626465
190,190,0.76,0,333.2465,90.31318,0.0004272461,-0.00019836426
191,191,0.764,0,332.5609,90.30954,-0.6855774,-0.0036392212
192,192,0.768,0,332.5617,90.309456,0.00079345703,-8.392334e-05
193,193,0.772,0,333.3075,90.32405,0.7457886,0.014595032
194,194,0.776,0,333.17145,90.31416,-0.13604736,-0.009887695
195,195,0.78,0,332.55832,90.31357,-0.61312866,-0.0005950928
196,196,0.784,0,332.56,90.31436,0.0016784668,0.00079345703
197,197,0.788,0,333.30612,90.32882,0.74612427,0.014457703
198,198,0.792,0,333.17307,90.31885,-0.13305664,-0.009971619
199,199,0.796,0,332.53094,90.331795,-0.64212036,0.0129470825
200,200,0.8,0,332.71188,90.330536,0.18093872,-0.0012588501
201,201,0.804,0,333.35672,90.31722,0.6448364,-0.013313293
202,202,0.808,0,333.0582,90.3103,-0.29852295,-0.006919861
203,203,0.812,0,332.5263,90.33293,-0.53189087,0.022628784
204,204,0.816,0,332.8144,90.323326,0.28808594,-0.009605408
205,205,0.82,0,333.43198,90.31764,0.6175842,-0.005683899
206,206,0.824,0,332.9737,90.31465,-0.45828247,-0.0029907227
207,207,0.828,0,332.52176,90.33872,-0.4519348,0.02407074
208,208,0.832,0,332.90683,90.31666,0.3850708,-0.022064209
209,209,0.836,0,333.43103,90.32945,0.52420044,0.012794495
210,210,0.84,0,332.86945,90.31313,-0.5615845,-0.016319275
211,211,0.844,0,332.49457,90.33871,-0.37487793,0.02557373
212,212,0.848,0,332.9079,90.317986,0.41333008,-0.020721436
213,213,0.852,0,333.43225,90.32879,0.524353,0.010803223
214,214,0.856,0,332.83926,90.310394,-0.59298706,-0.01839447
215,215,0.86,0,332.4899,90.34039,-0.34936523,0.02999878
216,216,0.864,0,333.0212,90.32707,0.53131104,-0.013320923
217,217,0.868,0,333.43015,90.33299,0.40893555,0.00592041
218,218,0.872,0,332.6982,90.342834,-0.7319336,0.009841919
219,219,0.876,0,332.49582,90.3405,-0.20239258,-0.0023345947
220,220,0.88,0,332.97043,90.3469,0.47460938,0.006401062
221,221,0.884,0,333.4341,90.3322,0.46368408,-0.014701843
222,222,0.888,0,332.62897,90.3309,-0.80514526,-0.0012969971
223,223,0.892,0,332.4886,90.33945,-0.14038086,0.008544922
224,224,0.896,0,333.1277,90.33507,0.6390991,-0.0043792725
225,225,0.9,0,333.34326,90.33327,0.21557617,-0.0018005371
226,226,0.904,0,332.6288,90.33621,-0.714447,0.0029449463
227,227,0.908,0,332.48776,90.34455,-0.14105225,0.008338928
228,228,0.912,0,333.23364,90.34531,0.7458801,0.00075531006
229,229,0.916,0,333.34146,90.33364,0.1078186,-0.011665344
230,230,0.92,0,332.5776,90.34816,-0.763855,0.014518738
231,231,0.924,0,332.57684,90.34769,-0.00076293945,-0.00047302246
232,232,0.928,0,333.26334,90.34205,0.6864929,-0.0056381226
233,233,0.932,0,333.18005,90.33065,-0.08328247,-0.011398315
234,234,0.936,0,332.57764,90.34473,-0.602417,0.014076233
235,235,0.94,0,332.58502,90.35162,0.007385254,0.0068969727
236,236,0.944,0,333.31244,90.34325,0.727417,-0.008377075
237,237,0.948,0,333.18182,90.33275,-0.13061523,-0.010498047
238,238,0.952,0,332.4925,90.3531,-0.68933105,0.020355225
239,239,0.956,0,332.69162,90.33595,0.1991272,-0.017150879
240,240,0.96,0,333.40964,90.34263,0.7180176,0.00667572
241,241,0.964,0,333.10278,90.34764,-0.30685425,0.005012512
242,242,0.968,0,332.5178,90.35697,-0.58499146,0.0093307495
243,243,0.972,0,332.70404,90.3447,0.18624878,-0.012268066
244,244,0.976,0,333.37848,90.368004,0.6744385,0.02330017
245,245,0.98,0,333.05054,90.34177,-0.3279419,-0.026237488
246,246,0.984,0,332.47137,90.35096,-0.5791626,0.00919342
247,247,0.988,0,332.77005,90.35737,0.29867554,0.0064086914
248,248,0.992,0,333.39807,90.367195,0.62802124,0.00982666
249,249,0.996,0,332.9437,90.36409,-0.45437622,-0.0031051636
250,250,1.0,0,332.46863,90.37651,-0.47506714,0.012420654
251,251,1.004,0,332.9438,90.364944,0.4751587,-0.011566162
252,252,1.008,0,333.45227,90.38065,0.5084839,0.015708923
253,253,1.012,0,332.94263,90.36726,-0.50964355,-0.013389587
254,254,1.016,0,332.43018,90.39291,-0.5124512,0.025642395
255,255,1.02,0,332.89673,90.37889,0.46655273,-0.014015198
256,256,1.024,0,333.39282,90.393486,0.49609375,0.014595032
257,257,1.028,0,332.82806,90.378914,-0.5647583,-0.014572144
258,258,1.032,0,332.49774,90.378586,-0.33032227,-0.00032806396
259,259,1.036,0,333.0007,90.3745,0.5029602,-0.0040893555
260,260,1.04,0,333.36548,90.39899,0.3647766,0.024490356
261,261,1.044,0,332.76996,90.37855,-0.59552,-0.020439148
262,262,1.048,0,332.49756,90.378174,-0.2723999,-0.00037384033
263,263,1.052,0,333.10303,90.36437,0.60546875,-0.013801575
264,264,1.056,0,333.26782,90.37642,0.16479492,0.012046814
265,265,1.06,0,332.6963,90.37378,-0.5715332,-0.0026397705
266,266,1.064,0,332.50156,90.39383,-0.19473267,0.020050049
267,267,1.068,0,333.1951,90.375275,0.6935425,-0.018554688
268,268,1.072,0,333.23514,90.38296,0.040039062,0.0076828003
269,269,1.076,0,332.6845,90.375015,-0.55062866,-0.0079422
270,270,1.08,0,332.57938,90.3903,-0.10513306,0.015281677
271,271,1.084,0,333.21103,90.38048,0.63165283,-0.009819031
272,272,1.088,0,333.21173,90.38021,0.0007019043,-0.0002670288
273,273,1.092,0,332.58185,90.39143,-0.6298828,0.011222839
274,274,1.096,0,332.58176,90.3913,-9.1552734e-05,-0.0001373291
275,275,1.1,0,333.28836,90.38184,0.706604,-0.00945282
276,276,1.104,0,333.18066,90.380905,-0.10769653,-0.0009384155
277,277,1.108,0,332.58057,90.392746,-0.60009766,0.01184082
278,278,1.112,0,332.70538,90.38199,0.124816895,-0.010757446
279,279,1.116,0,333.28552,90.38985,0.58013916,0.007858276
280,280,1.12,0,333.08713,90.37157,-0.19839478,-0.01828003
281,281,1.124,0,332.54636,90.38825,-0.5407715,0.016685486
282,282,1.128,0,332.7273,90.38229,0.18093872,-0.005958557
283,283,1.132,0,333.28372,90.39124,0.556427,0.00894928
284,284,1.136,0,333.0176,90.374954,-0.26611328,-0.016288757
285,285,1.14,0,332.54297,90.38959,-0.4746399,0.014633179
286,286,1.144,0,332.73972,90.38724,0.19674683,-0.0023498535
287,287,1.148,0,333.34872,90.3856,0.6090088,-0.0016403198
288,288,1.152,0,332.96802,90.3665,-0.3807068,-0.019096375
289,289,1.156,0,332.54013,90.39161,-0.42788696,0.025108337
290,290,1.16,0,332.90848,90.36595,0.36834717,-0.025657654
291,291,1.164,0,333.348,90.38688,0.43951416,0.02092743
292,292,1.168,0,332.9089,90.36754,-0.4390869,-0.019340515
293,293,1.172,0,332.54028,90.39345,-0.36862183,0.025909424
294,294,1.176,0,332.94543,90.37881,0.40515137,-0.014640808
295,295,1.18,0,333.35217,90.393974,0.40673828,0.015167236
296,296,1.184,0,332.76938,90.39671,-0.5827942,0.0027389526
297,297,1.188,0,332.54755,90.396904,-0.22183228,0.00019073486
298,298,1.192,0,333.02707,90.382515,0.4795227,-0.014389038
299,299,1.196,0,333.35855,90.39172,0.33148193,0.009208679
300,300,1.2,0,332.7097,90.3921,-0.64886475,0.00037384033
301,301,1.204,0,332.55676,90.39298,-0.15292358,0.00088500977
302,302,1.208,0,333.03934,90.37938,0.48257446,-0.01360321
303,303,1.212,0,333.368,90.38797,0.32867432,0.008590698
304,304,1.216,0,332.69046,90.38298,-0.67755127,-0.004989624
305,305,1.22,0,332.56384,90.39369,-0.12661743,0.01071167
306,306,1.224,0,333.16016,90.39497,0.5963135,0.0012817383
307,307,1.228,0,333.3115,90.4077,0.15133667,0.01272583
308,308,1.232,0,332.6939,90.38701,-0.6175842,-0.020690918
309,309,1.236,0,332.56223,90.39512,-0.13168335,0.008110046
310,310,1.24,0,333.1703,90.39688,0.60806274,0.0017623901
311,311,1.244,0,333.27847,90.39708,0.108184814,0.00019836426
312,312,1.248,0,332.56058,90.39528,-0.7178955,-0.0018005371
313,313,1.252,0,332.5606,90.39514,3.0517578e-05,-0.0001373291
314,314,1.256,0,333.27563,90.375084,0.71502686,-0.020057678
315,315,1.26,0,333.16443,90.36766,-0.111206055,-0.007423401
316,316,1.264,0,332.57294,90.3726,-0.5914917,0.0049362183
317,317,1.268,0,332.5722,90.37214,-0.0007324219,-0.00045776367
318,318,1.272,0,333.30948,90.38122,0.73727417,0.0090789795
319,319,1.276,0,333.1645,90.370636,-0.14498901,-0.01058197
320,320,1.28,0,332.57483,90.376274,-0.58966064,0.0056381226
321,321,1.284,0,332.72156,90.37006,0.14672852,-0.006210327
322,322,1.288,0,333.37036,90.38617,0.6488037,0.016105652
323,323,1.292,0,333.02658,90.37665,-0.34378052,-0.009521484
324,324,1.296,0,332.49878,90.37926,-0.5278015,0.002609253
325,325,1.3,0,332.74826,90.37368,0.2494812,-0.0055770874
326,326,1.304,0,333.37036,90.385315,0.62210083,0.011634827
327,327,1.308,0,333.00504,90.37421,-0.36532593,-0.011108398
328,328,1.312,0,332.51633,90.381966,-0.4887085,0.0077590942
329,329,1.316,0,332.80453,90.37713,0.288208,-0.004837036
330,330,1.32,0,333.409,90.38466,0.60446167,0.0075302124
331,331,1.324,0,332.8753,90.384834,-0.5336914,0.00017547607
332,332,1.328,0,332.47473,90.37904,-0.40057373,-0.0057907104
333,333,1.332,0,332.935,90.37511,0.4602661,-0.0039367676
334,334,1.336,0,333.41254,90.382355,0.47753906,0.007247925
335,335,1.34,0,332.9483,90.37629,-0.4642334,-0.0060653687
336,336,1.344,0,332.50797,90.386284,-0.44033813,0.009994507
337,337,1.348,0,332.99637,90.38064,0.48840332,-0.005645752
338,338,1.352,0,333.38824,90.39018,0.39187622,0.009544373
339,339,1.356,0,332.8694,90.38616,-0.51885986,-0.004020691
340,340,1.36,0,332.51392,90.39068,-0.35546875,0.0045166016
341,341,1.364,0,333.00696,90.38625,0.493042,-0.004425049
342,342,1.368,0,333.38123,90.38679,0.37426758,0.0005340576
343,343,1.372,0,332.7087,90.39272,-0.67251587,0.005935669
344,344,1.376,0,332.52332,90.39613,-0.18539429,0.0034103394
345,345,1.38,0,333.1382,90.3894,0.6148987,-0.0067367554
346,346,1.384,0,333.39362,90.398315,0.2554016,0.008918762
347,347,1.388,0,332.6459,90.39364,-0.7477112,-0.004676819
348,348,1.392,0,332.63327,90.39259,-0.012634277,-0.001045227
349,349,1.396,0,333.18393,90.39577,0.5506592,0.0031738281
350,350,1.4,0,333.18347,90.39556,-0.00045776367,-0.00020599365
351,351,1.404,0,332.64444,90.39506,-0.539032,-0.00050354004
352,352,1.408,0,332.64444,90.395164,0.0,0.00010681152
353,353,1.412,0,333.18927,90.39071,0.5448303,-0.0044555664
354,354,1.416,0,333.193,90.39111,0.0037231445,0.0004043579
355,355,1.42,0,332.63467,90.39654,-0.5583191,0.0054244995
356,356,1.424,0,332.63672,90.397156,0.0020446777,0.00061798096
357,357,1.428,0,333.21643,90.39604,0.5797119,-0.0011138916
358,358,1.432,0,333.20584,90.39546,-0.0105896,-0.000579834
359,359,1.436,0,332.5505,90.41568,-0.6553345,0.020217896
360,360,1.44,0,332.7033,90.39316,0.15280151,-0.022521973
361,361,1.444,0,333.32913,90.40981,0.625824,0.016654968
362,362,1.448,0,333.12628,90.38818,-0.20285034,-0.021629333
363,363,1.452,0,332.5466,90.42182,-0.5796814,0.033638
364,364,1.456,0,332.7942,90.3999,0.24758911,-0.02191925
365,365,1.46,0,333.37054,90.415436,0.576355,0.015533447
366,366,1.464,0,333.0982,90.40561,-0.27233887,-0.00982666
367,367,1.468,0,332.54602,90.42824,-0.55218506,0.022628784
368,368,1.472,0,332.80652,90.40424,0.26049805,-0.023994446
369,369,1.476,0,333.36935,90.417564,0.5628357,0.013320923
370,370,1.48,0,332.93216,90.41086,-0.43719482,-0.006706238
371,371,1.484,0,332.5451,90.42871,-0.38705444,0.017852783
372,372,1.488,0,332.8449,90.41312,0.2998047,-0.015594482
373,373,1.492,0,333.36853,90.42198,0.5236206,0.008865356
374,374,1.496,0,332.9244,90.41249,-0.4441223,-0.009490967
375,375,1.5,0,332.5413,90.43211,-0.38311768,0.019622803
376,376,1.504,0,332.94064,90.41577,0.39935303,-0.016342163
377,377,1.508,0,333.3701,90.42616,0.42944336,0.010391235
378,378,1.512,0,332.89874,90.412544,-0.471344,-0.013618469
379,379,1.516,0,332.54236,90.44067,-0.35638428,0.028121948
380,380,1.52,0,333.06766,90.42397,0.5252991,-0.016693115
381,381,1.524,0,333.36526,90.42947,0.29760742,0.005493164
382,382,1.528,0,332.80145,90.41928,-0.56381226,-0.010185242
383,383,1.532,0,332.54105,90.44346,-0.2604065,0.024177551
384,384,1.536,0,333.06613,90.42652,0.52508545,-0.016937256
385,385,1.54,0,333.36478,90.43214,0.29864502,0.0056152344
386,386,1.544,0,332.67123,90.43885,-0.6935425,0.006713867
387,387,1.548,0,332.54852,90.44209,-0.12271118,0.0032424927
388,388,1.552,0,333.1444,90.43856,0.59588623,-0.0035324097
389,389,1.556,0,333.37036,90.43114,0.22595215,-0.007423401
390,390,1.56,0,332.5849,90.43762,-0.7854614,0.0064849854
391,391,1.564,0,332.5849,90.43762,0.0,0.0
392,392,1.568,0,333.23544,90.42275,0.6505432,-0.01486969
393,393,1.572,0,333.36456,90.43231,0.12911987,0.009559631
394,394,1.576,0,332.57925,90.438934,-0.78530884,0.0066223145
395,395,1.58,0,332.57925,90.438934,0.0,0.0
396,396,1.584,0,333.3136,90.43381,0.7343445,-0.005126953
397,397,1.588,0,333.2542,90.43243,-0.059387207,-0.0013809204
398,398,1.592,0,332.5793,90.43961,-0.67489624,0.0071868896
399,399,1.596,0,332.5778,90.44156,-0.0015258789,0.0019454956
400,400,1.6,0,333.35715,90.43606,0.7793579,-0.0055007935
401,401,1.604,0,333.22278,90.42785,-0.1343689,-0.0082092285
402,402,1.608,0,332.63498,90.43087,-0.5877991,0.0030212402
403,403,1.612,0,332.6671,90.433014,0.03213501,0.0021438599
404,404,1.616,0,333.3667,90.44012,0.69958496,0.0071029663
405,405,1.62,0,333.1693,90.435814,-0.1973877,-0.0043029785
406,406,1.624,0,332.45773,90.44691,-0.71157837,0.01109314
407,407,1.628,0,332.76138,90.42806,0.3036499,-0.018844604
408,408,1.632,0,333.39215,90.44596,0.6307678,0.01789856
409,409,1.636,0,333.0354,90.425446,-0.3567505,-0.020515442
410,410,1.64,0,332.42975,90.445526,-0.60565186,0.020080566
411,411,1.644,0,332.8662,90.43966,0.4364624,-0.0058670044
412,412,1.648,0,333.38138,90.453804,0.51516724,0.014144897
413,413,1.652,0,332.8823,90.44083,-0.49908447,-0.0129776
414,414,1.656,0,332.4194,90.44887,-0.46289062,0.008041382
415,415,1.66,0,332.8721,90.440475,0.45269775,-0.008392334
416,416,1.664,0,333.38397,90.4545,0.51187134,0.014022827
417,417,1.668,0,332.86298,90.44225,-0.5209961,-0.012245178
418,418,1.672,0,332.41348,90.450165,-0.4494934,0.007911682
419,419,1.676,0,332.8866,90.44288,0.473114,-0.007286072
420,420,1.68,0,333.36383,90.44932,0.4772339,0.006439209
421,421,1.684,0,332.83453,90.445015,-0.5292969,-0.0043029785
422,422,1.688,0,332.42422,90.45608,-0.41030884,0.011062622
423,423,1.692,0,332.96423,90.451485,0.54000854,-0.0045928955
424,424,1.696,0,333.3229,90.44244,0.3586731,-0.009048462
425,425,1.7,0,332.79428,90.43993,-0.5286255,-0.0025024414
426,426,1.704,0,332.4539,90.46382,-0.34039307,0.023887634
427,427,1.708,0,333.09628,90.4501,0.642395,-0.013717651
428,428,1.712,0,333.21588,90.45916,0.11959839,0.009056091
429,429,1.716,0,332.6945,90.45231,-0.5213928,-0.0068511963
430,430,1.72,0,332.65607,90.45331,-0.03842163,0.0009994507
431,431,1.724,0,333.13318,90.46174,0.47711182,0.008430481
432,432,1.728,0,333.19614,90.46286,0.06295776,0.001121521
433,433,1.732,0,332.67776,90.456985,-0.5183716,-0.005874634
434,434,1.736,0,332.67764,90.45695,-0.00012207031,-3.8146973e-05
435,435,1.74,0,333.1979,90.4645,0.5202637,0.0075531006
436,436,1.744,0,333.1983,90.46474,0.00039672852,0.00023651123
437,437,1.748,0,332.6785,90.45849,-0.5198059,-0.006248474
438,438,1.752,0,332.60178,90.46209,-0.07672119,0.0036010742
439,439,1.756,0,333.21436,90.46337,0.61257935,0.0012817383
440,440,1.76,0,333.09744,90.45317,-0.11691284,-0.0102005005
441,441,1.764,0,332.59036,90.46059,-0.5070801,0.0074157715
442,442,1.768,0,332.58575,90.461174,-0.0046081543,0.0005874634
443,443,1.772,0,333.28812,90.468544,0.70236206,0.007369995
444,444,1.776,0,333.03653,90.45153,-0.2515869,-0.01701355
445,445,1.78,0,332.5674,90.46541,-0.4691162,0.013877869
446,446,1.784,0,332.71573,90.465225,0.14831543,-0.00018310547
447,447,1.788,0,333.2836,90.472466,0.5678711,0.0072402954
448,448,1.792,0,333.0308,90.45711,-0.25280762,-0.015357971
449,449,1.796,0,332.56296,90.46953,-0.46783447,0.012420654
450,450,1.8,0,332.73172,90.47205,0.1687622,0.0025253296
451,451,1.804,0,333.27893,90.47608,0.5472107,0.0040283203
452,452,1.808,0,332.92712,90.45028,-0.35180664,-0.025802612
453,453,1.812,0,332.56384,90.47198,-0.36328125,0.021697998
454,454,1.816,0,332.8227,90.48163,0.2588501,0.009651184
455,455,1.82,0,333.27332,90.479614,0.45062256,-0.0020141602
456,456,1.824,0,332.82217,90.48304,-0.45114136,0.0034255981
457,457,1.828,0,332.5652,90.473465,-0.25698853,-0.00957489
458,458,1.832,0,332.9643,90.46028,0.3991089,-0.013183594
459,459,1.836,0,333.28235,90.481,0.3180542,0.020721436
460,460,1.84,0,332.73648,90.48339,-0.5458679,0.0023880005
461,461,1.844,0,332.57104,90.478966,-0.16543579,-0.004425049
462,462,1.848,0,333.0361,90.467674,0.46505737,-0.011291504
463,463,1.852,0,333.28653,90.484634,0.25042725,0.016960144
464,464,1.856,0,332.69244,90.47677,-0.5940857,-0.007865906
465,465,1.86,0,332.57623,90.48266,-0.11621094,0.0058898926
466,466,1.864,0,333.0455,90.46963,0.4692688,-0.013031006
467,467,1.868,0,333.2943,90.48692,0.24880981,0.017295837
468,468,1.872,0,332.57916,90.48083,-0.7151489,-0.006095886
469,469,1.876,0,332.57568,90.48134,-0.003479004,0.00051116943
470,470,1.88,0,333.09976,90.474266,0.52407837,-0.0070724487
471,471,1.884,0,333.1969,90.47968,0.09713745,0.00541687
472,472,1.888,0,332.58057,90.48129,-0.616333,0.0016098022
473,473,1.892,0,332.58066,90.48132,9.1552734e-05,3.0517578e-05
474,474,1.896,0,333.20132,90.47272,0.6206665,-0.008605957
475,475,1.9,0,333.20132,90.47272,0.0,0.0
476,476,1.904,0,332.6237,90.47468,-0.5776367,0.0019607544
477,477,1.908,0,332.62366,90.47469,-3.0517578e-05,1.5258789e-05
478,478,1.912,0,333.17688,90.47816,0.55322266,0.0034637451
479,479,1.916,0,333.17838,90.476814,0.0014953613,-0.0013427734
480,480,1.92,0,332.63235,90.47629,-0.5460205,-0.0005264282
481,481,1.924,0,332.66483,90.47892,0.032470703,0.002632141
482,482,1.928,0,333.2018,90.48567,0.5369873,0.006752014
483,483,1.932,0,333.1683,90.479866,-0.0335083,-0.0058059692
484,484,1.936,0,332.5203,90.48656,-0.64801025,0.006690979
485,485,1.94,0,332.71542,90.46143,0.1951294,-0.025123596
486,486,1.944,0,333.36716,90.48175,0.6517334,0.020317078
487,487,1.948,0,333.11664,90.47152,-0.2505188,-0.010231018
488,488,1.952,0,332.49652,90.47364,-0.6201172,0.0021209717
489,489,1.956,0,332.82883,90.456154,0.3323059,-0.017486572
490,490,1.96,0,333.38156,90.460236,0.5527344,0.004081726
491,491,1.964,0,332.93362,90.46186,-0.447937,0.001625061
492,492,1.968,0,332.59778,90.47112,-0.33584595,0.009262085
493,493,1.972,0,332.83615,90.460396,0.2383728,-0.010726929
494,494,1.976,0,333.38437,90.46937,0.5482178,0.008972168
495,495,1.98,0,332.86972,90.462036,-0.51464844,-0.007331848
496,496,1.984,0,332.4857,90.4771,-0.3840332,0.015060425
497,497,1.988,0,332.91098,90.46273,0.42529297,-0.01436615
498,498,1.992,0,333.39703,90.46867,0.48605347,0.0059432983
499,499,1.996,0,332.85947,90.48044,-0.53756714,0.011764526
500,500,2.0,0,332.60114,90.498535,-0.2583313,0.018096924
501,501,2.004,0,332.91522,90.49416,0.3140869,-0.004371643
502,502,2.008,0,333.37823,90.499115,0.4630127,0.004951477
503,503,2.012,0,332.86072,90.49021,-0.5175171,-0.008903503
504,504,2.016,0,332.57214,90.51686,-0.28857422,0.026649475
505,505,2.02,0,332.9922,90.50528,0.42004395,-0.011581421
506,506,2.024,0,333.36227,90.50185,0.37008667,-0.0034332275
507,507,2.028,0,332.82172,90.50399,-0.54055786,0.0021438599
508,508,2.032,0,332.5651,90.513306,-0.2566223,0.009315491
509,509,2.036,0,333.07742,90.50857,0.5123291,-0.004737854
510,510,2.04,0,333.19073,90.50633,0.11331177,-0.0022354126
511,511,2.044,0,332.66937,90.51308,-0.5213623,0.0067443848
512,512,2.048,0,332.63217,90.51226,-0.037200928,-0.0008163452
513,513,2.052,0,333.17737,90.51003,0.54519653,-0.0022277832
514,514,2.056,0,333.17697,90.50985,-0.00039672852,-0.00018310547
515,515,2.06,0,332.66208,90.515366,-0.5148926,0.0055160522
516,516,2.064,0,332.64755,90.50675,-0.014526367,-0.008613586
517,517,2.068,0,333.19174,90.51066,0.54418945,0.00390625
518,518,2.072,0,333.19073,90.51041,-0.0010070801,-0.00025177002
519,519,2.076,0,332.67032,90.50854,-0.52041626,-0.0018692017
520,520,2.08,0,332.65292,90.508575,-0.01739502,3.8146973e-05
521,521,2.084,0,333.19553,90.51233,0.54260254,0.003753662
522,522,2.088,0,333.09384,90.500145,-0.10168457,-0.012184143
523,523,2.092,0,332.6297,90.50862,-0.46414185,0.008476257
524,524,2.096,0,332.64825,90.50927,0.018554688,0.00064849854
525,525,2.1,0,333.26053,90.51676,0.61227417,0.0074920654
526,526,2.104,0,333.06418,90.49785,-0.1963501,-0.018913269
527,527,2.108,0,332.56116,90.50935,-0.50302124,0.011505127
528,528,2.112,0,332.76495,90.51679,0.20379639,0.0074386597
529,529,2.116,0,333.25665,90.520035,0.49169922,0.0032424927
530,530,2.12,0,333.01288,90.50142,-0.24377441,-0.018615723
531,531,2.124,0,332.55997,90.515526,-0.45291138,0.0141067505
532,532,2.128,0,332.78055,90.5207,0.22058105,0.0051727295
533,533,2.132,0,333.2791,90.52236,0.49856567,0.001663208
534,534,2.136,0,332.9847,90.49682,-0.29440308,-0.025543213
535,535,2.14,0,332.55716,90.51768,-0.42755127,0.020858765
536,536,2.144,0,332.80194,90.52229,0.2447815,0.0046157837
537,537,2.148,0,333.27863,90.5242,0.47668457,0.0019073486
538,538,2.152,0,332.80276,90.52385,-0.4758606,-0.00035095215
539,539,2.156,0,332.5621,90.51678,-0.24066162,-0.0070724487
540,540,2.16,0,333.03018,90.505226,0.4680786,-0.011550903
541,541,2.164,0,333.28616,90.525024,0.25598145,0.019798279
542,542,2.168,0,332.78885,90.52414,-0.49731445,-0.00088500977
543,543,2.172,0,332.56976,90.51717,-0.2190857,-0.006965637
544,544,2.176,0,333.03976,90.50636,0.47000122,-0.010810852
545,545,2.18,0,333.29425,90.52567,0.25448608,0.019309998
546,546,2.184,0,332.74643,90.521095,-0.54782104,-0.0045776367
547,547,2.188,0,332.57648,90.51706,-0.1699524,-0.0040359497
548,548,2.192,0,333.0469,90.50623,0.47042847,-0.010826111
549,549,2.196,0,333.28763,90.52434,0.24072266,0.018104553
550,550,2.2,0,332.69574,90.51689,-0.5918884,-0.007446289
551,551,2.204,0,332.57617,90.518845,-0.11956787,0.001953125
552,552,2.208,0,333.16852,90.509926,0.5923462,-0.008918762
553,553,2.212,0,333.1626,90.521675,-0.00592041,0.011749268
554,554,2.216,0,332.63736,90.51901,-0.52523804,-0.0026626587
555,555,2.22,0,332.63724,90.51896,-0.00012207031,-5.340576e-05
556,556,2.224,0,333.1643,90.522606,0.5270691,0.0036468506
557,557,2.228,0,333.16382,90.5232,-0.00048828125,0.0005950928
558,558,2.232,0,332.6372,90.52059,-0.5266113,-0.002609253
559,559,2.236,0,332.63806,90.52039,0.0008544922,-0.00019836426
560,560,2.24,0,333.17,90.52604,0.5319519,0.005645752
561,561,2.244,0,333.20688,90.51373,0.036865234,-0.012306213
562,562,2.248,0,332.64935,90.5256,-0.55752563,0.0118637085
563,563,2.252,0,332.68573,90.51529,0.036376953,-0.010307312
564,564,2.256,0,333.28397,90.514656,0.5982361,-0.00063323975
565,565,2.26,0,333.13724,90.50363,-0.14672852,-0.011024475
566,566,2.264,0,332.68573,90.51874,-0.45150757,0.015106201
567,567,2.268,0,332.78717,90.52355,0.10144043,0.004814148
568,568,2.272,0,333.36688,90.518074,0.5797119,-0.0054779053
569,569,2.276,0,333.11505,90.504425,-0.25183105,-0.013648987
570,570,2.28,0,332.5962,90.50945,-0.51885986,0.005027771
571,571,2.284,0,332.81998,90.52766,0.2237854,0.018203735
572,572,2.288,0,333.37677,90.522766,0.5567932,-0.004890442
573,573,2.292,0,333.0655,90.50086,-0.3112793,-0.021903992
574,574,2.296,0,332.58865,90.511406,-0.47683716,0.010543823
575,575,2.3,0,332.86142,90.52841,0.2727661,0.01700592
576,576,2.304,0,333.3625,90.521545,0.5010681,-0.006866455
577,577,2.308,0,332.90228,90.52211,-0.46020508,0.0005645752
578,578,2.312,0,332.51358,90.52745,-0.3887024,0.005340576
579,579,2.316,0,332.94974,90.50844,0.43615723,-0.019012451
580,580,2.32,0,333.37872,90.52757,0.4289856,0.019134521
581,581,2.324,0,332.93533,90.50856,-0.4433899,-0.019012451
582,582,2.328,0,332.48486,90.529305,-0.45046997,0.020744324
583,583,2.332,0,332.95865,90.511734,0.4737854,-0.017570496
584,584,2.336,0,333.34186,90.539665,0.38320923,0.027931213
585,585,2.34,0,332.76773,90.53308,-0.5741272,-0.0065841675
586,586,2.344,0,332.5584,90.53384,-0.20932007,0.00075531006
587,587,2.348,0,333.07886,90.527115,0.5204468,-0.0067214966
588,588,2.352,0,333.2855,90.538216,0.20663452,0.011100769
589,589,2.356,0,332.73013,90.53137,-0.5553589,-0.006843567
590,590,2.36,0,332.55936,90.53734,-0.17077637,0.0059661865
591,591,2.364,0,333.1593,90.53011,0.59994507,-0.0072250366
592,592,2.368,0,333.24722,90.53085,0.08792114,0.00074005127
593,593,2.372,0,332.64203,90.5318,-0.6051941,0.0009460449
594,594,2.376,0,332.64203,90.5318,0.0,0.0
595,595,2.38,0,333.17102,90.53033,0.5289917,-0.0014724731
596,596,2.384,0,333.18356,90.53242,0.012542725,0.002090454
597,597,2.388,0,332.65335,90.53539,-0.5302124,0.0029754639
598,598,2.392,0,332.65387,90.53614,0.0005187988,0.00074768066
599,599,2.396,0,333.19516,90.53433,0.5412903,-0.0018081665
600,600,2.4,0,333.19397,90.53492,-0.0011901855,0.0005874634
601,601,2.404,0,332.65594,90.53931,-0.5380249,0.004386902
602,602,2.408,0,332.6576,90.53962,0.0016479492,0.00031280518
603,603,2.412,0,333.21005,90.515755,0.5524597,-0.023864746
604,604,2.416,0,333.20868,90.51557,-0.001373291,-0.00018310547
605,605,2.42,0,332.65082,90.54009,-0.5578613,0.024520874
606,606,2.424,0,332.66113,90.53947,0.010314941,-0.00062561035
607,607,2.428,0,333.28616,90.52184,0.6250305,-0.017623901
608,608,2.432,0,333.10797,90.50985,-0.17819214,-0.011993408
609,609,2.436,0,332.55142,90.547134,-0.5565491,0.03728485
610,610,2.44,0,332.75967,90.53355,0.20825195,-0.013587952
611,611,2.444,0,333.2821,90.53511,0.5224304,0.0015640259
612,612,2.448,0,332.9743,90.532,-0.3078003,-0.003112793
613,613,2.452,0,332.5469,90.55395,-0.42739868,0.021949768
614,614,2.456,0,332.7862,90.54354,0.23928833,-0.010406494
615,615,2.46,0,333.27417,90.542694,0.48797607,-0.0008468628
616,616,2.464,0,332.8226,90.55436,-0.4515686,0.011665344
617,617,2.468,0,332.5461,90.556015,-0.27648926,0.0016555786
618,618,2.472,0,332.91937,90.538864,0.3732605,-0.017150879
619,619,2.476,0,333.28195,90.543175,0.36257935,0.004310608
620,620,2.48,0,332.8358,90.5538,-0.446167,0.010627747
621,621,2.484,0,332.54883,90.55892,-0.2869568,0.0051193237
622,622,2.488,0,332.97925,90.53807,0.43041992,-0.020851135
623,623,2.492,0,333.2839,90.54433,0.30465698,0.0062561035
624,624,2.496,0,332.79684,90.5468,-0.48706055,0.0024719238
625,625,2.5,0,332.55298,90.559235,-0.24386597,0.012435913
626,626,2.504,0,332.99063,90.53852,0.4376526,-0.020713806
627,627,2.508,0,333.28867,90.544136,0.29803467,0.0056152344
628,628,2.512,0,332.71344,90.53939,-0.57522583,-0.0047454834
629,629,2.516,0,332.55554,90.55912,-0.15789795,0.019729614
630,630,2.52,0,333.14383,90.53335,0.58828735,-0.025772095
631,631,2.524,0,333.29272,90.54232,0.14889526,0.008972168
632,632,2.528,0,332.71747,90.53741,-0.57525635,-0.00491333
633,633,2.532,0,332.5594,90.55712,-0.15808105,0.019714355
634,634,2.536,0,333.19986,90.5399,0.6404724,-0.017219543
635,635,2.54,0,333.29877,90.541725,0.09890747,0.0018234253
636,636,2.544,0,332.72177,90.53851,-0.57699585,-0.003211975
637,637,2.548,0,332.72495,90.53685,0.0031738281,-0.001663208
638,638,2.552,0,333.26373,90.537506,0.53878784,0.00065612793
639,639,2.556,0,333.31076,90.54366,0.047027588,0.0061569214
640,640,2.56,0,332.67792,90.53962,-0.632843,-0.004043579
641,641,2.564,0,332.6794,90.53858,0.0014953613,-0.0010375977
642,642,2.568,0,333.21835,90.54022,0.5389404,0.0016403198
643,643,2.572,0,333.21652,90.5417,-0.0018310547,0.0014801025
644,644,2.576,0,332.68985,90.54114,-0.52667236,-0.0005645752
645,645,2.58,0,332.7427,90.53838,0.052856445,-0.0027542114
646,646,2.584,0,333.27066,90.540375,0.5279541,0.001991272
647,647,2.588,0,333.22076,90.54454,-0.04989624,0.0041656494
648,648,2.592,0,332.62695,90.53303,-0.59381104,-0.011512756
649,649,2.596,0,332.7812,90.54482,0.15423584,0.011795044
650,650,2.6,0,333.33182,90.54824,0.55062866,0.0034179688
651,651,2.604,0,333.14035,90.53654,-0.19146729,-0.011703491
652,652,2.608,0,332.58777,90.536255,-0.5525818,-0.0002822876
653,653,2.612,0,332.85403,90.543594,0.26626587,0.0073394775
654,654,2.616,0,333.34952,90.54767,0.4954834,0.0040740967
655,655,2.62,0,333.05255,90.5296,-0.29696655,-0.018066406
656,656,2.624,0,332.5585,90.53402,-0.49404907,0.0044174194
657,657,2.628,0,332.95697,90.534424,0.39846802,0.0004043579
658,658,2.632,0,333.3055,90.55069,0.34854126,0.01626587
659,659,2.636,0,332.99188,90.53726,-0.31362915,-0.013427734
660,660,2.64,0,332.49124,90.551056,-0.50064087,0.013793945
661,661,2.644,0,332.99402,90.53743,0.5027771,-0.013626099
662,662,2.648,0,333.25934,90.552826,0.26531982,0.015396118
663,663,2.652,0,332.99454,90.5384,-0.26480103,-0.014427185
664,664,2.656,0,332.56757,90.55816,-0.42697144,0.019760132
665,665,2.66,0,333.02075,90.5407,0.45318604,-0.017456055
666,666,2.664,0,333.34018,90.53368,0.3194275,-0.007019043
667,667,2.668,0,332.89462,90.534325,-0.44555664,0.00064086914
668,668,2.672,0,332.54794,90.554886,-0.3466797,0.020561218
669,669,2.676,0,333.06146,90.54981,0.5135193,-0.0050735474
670,670,2.68,0,333.29312,90.56189,0.23165894,0.012077332
671,671,2.684,0,332.73648,90.555084,-0.5566406,-0.00680542
672,672,2.688,0,332.7271,90.553566,-0.0093688965,-0.0015182495
673,673,2.692,0,333.09766,90.554276,0.37054443,0.0007095337
674,674,2.696,0,333.2645,90.56298,0.1668396,0.008705139
675,675,2.7,0,332.72858,90.5561,-0.5359192,-0.006881714
676,676,2.704,0,332.725,90.55674,-0.0035705566,0.00064086914
677,677,2.708,0,333.17032,90.56156,0.4453125,0.0048217773
678,678,2.712,0,333.24646,90.56055,0.07614136,-0.0010147095
679,679,2.716,0,332.7333,90.55913,-0.5131531,-0.0014190674
680,680,2.72,0,332.73343,90.5512,0.00012207031,-0.007926941
681,681,2.724,0,333.25854,90.560585,0.52511597,0.009384155
682,682,2.728,0,333.22528,90.55559,-0.03326416,-0.0049972534
683,683,2.732,0,332.73267,90.5539,-0.49261475,-0.0016860962
684,684,2.736,0,332.7331,90.55392,0.0004272461,1.5258789e-05
685,685,2.74,0,333.2588,90.56282,0.5256958,0.008903503
686,686,2.744,0,333.2035,90.55674,-0.05529785,-0.0060806274
687,687,2.748,0,332.7319,90.55741,-0.47158813,0.0006713867
688,688,2.752,0,332.7419,90.55794,0.010009766,0.0005264282
689,689,2.756,0,333.2618,90.56755,0.51989746,0.009613037
690,690,2.76,0,332.9613,90.577644,-0.3005066,0.010093689
691,691,2.764,0,332.6654,90.59061,-0.29589844,0.012962341
692,692,2.768,0,332.84622,90.57528,0.18081665,-0.015327454
693,693,2.772,0,333.30908,90.57228,0.4628601,-0.002998352
694,694,2.776,0,333.031,90.57106,-0.27807617,-0.0012207031
695,695,2.78,0,332.63492,90.593056,-0.39608765,0.021995544
696,696,2.784,0,332.8749,90.59452,0.23999023,0.0014648438
697,697,2.788,0,333.3311,90.600494,0.45617676,0.005973816
698,698,2.792,0,333.01874,90.57164,-0.3123474,-0.02885437
699,699,2.796,0,332.62952,90.595985,-0.3892212,0.024345398
700,700,2.8,0,332.90366,90.59952,0.2741394,0.0035324097
701,701,2.804,0,333.32788,90.604385,0.42422485,0.0048675537
702,702,2.808,0,332.87106,90.60014,-0.45681763,-0.0042419434
703,703,2.812,0,332.62753,90.598785,-0.24353027,-0.0013580322
704,704,2.816,0,333.06885,90.580765,0.4413147,-0.01802063
705,705,2.82,0,333.3299,90.608,0.26104736,0.027236938
706,706,2.824,0,332.77194,90.595276,-0.5579529,-0.01272583
707,707,2.828,0,332.63406,90.60487,-0.13787842,0.009597778
708,708,2.832,0,333.08777,90.589806,0.45370483,-0.015068054
709,709,2.836,0,333.33722,90.611275,0.24945068,0.021469116
710,710,2.84,0,332.76816,90.59763,-0.5690613,-0.013641357
711,711,2.844,0,332.63724,90.60779,-0.13092041,0.010154724
712,712,2.848,0,333.12082,90.60126,0.48358154,-0.0065307617
713,713,2.852,0,333.33597,90.614716,0.21514893,0.013458252
714,714,2.856,0,332.766,90.60126,-0.5699768,-0.013458252
715,715,2.86,0,332.64084,90.61107,-0.12515259,0.009811401
716,716,2.864,0,333.20663,90.60788,0.5657959,-0.003189087
717,717,2.868,0,333.24323,90.6087,0.036590576,0.0008239746
718,718,2.872,0,332.70688,90.60704,-0.53634644,-0.001663208
719,719,2.876,0,332.70703,90.60709,0.00015258789,5.340576e-05
720,720,2.88,0,333.2448,90.61081,0.53778076,0.0037155151
721,721,2.884,0,333.24387,90.61147,-0.0009460449,0.0006637573
722,722,2.888,0,332.71326,90.615326,-0.53060913,0.0038528442
723,723,2.892,0,332.7135,90.61575,0.00024414062,0.0004272461
724,724,2.896,0,333.24765,90.617775,0.53414917,0.0020217896
725,725,2.9,0,333.1788,90.61565,-0.068847656,-0.002128601
726,726,2.904,0,332.72397,90.621025,-0.45483398,0.005378723
727,727,2.908,0,332.7666,90.6088,0.042633057,-0.01222229
728,728,2.912,0,333.338,90.62695,0.57141113,0.01815033
729,729,2.916,0,333.14084,90.60619,-0.19717407,-0.020759583
730,730,2.92,0,332.66553,90.63803,-0.47531128,0.031837463
731,731,2.924,0,332.84875,90.61181,0.18322754,-0.026222229
732,732,2.928,0,333.3874,90.62372,0.53863525,0.011909485
733,733,2.932,0,332.99268,90.62075,-0.39471436,-0.0029678345
734,734,2.936,0,332.61664,90.62742,-0.3760376,0.006668091
735,735,2.94,0,332.8792,90.621544,0.26257324,-0.005874634
736,736,2.944,0,333.32483,90.62334,0.44561768,0.0017929077
737,737,2.948,0,332.98233,90.62588,-0.34249878,0.0025405884
738,738,2.952,0,332.65558,90.63864,-0.3267517,0.012763977
739,739,2.956,0,332.92365,90.6262,0.2680664,-0.0124435425
740,740,2.96,0,333.34515,90.62486,0.4215088,-0.001335144
741,741,2.964,0,332.97015,90.628685,-0.375,0.0038223267
742,742,2.968,0,332.57568,90.63127,-0.3944702,0.0025863647
743,743,2.972,0,333.07654,90.62811,0.5008545,-0.0031585693
744,744,2.976,0,333.34338,90.62813,0.2668457,1.5258789e-05
745,745,2.98,0,332.90527,90.62875,-0.43811035,0.00062561035
746,746,2.984,0,332.59442,90.620674,-0.31085205,-0.008079529
747,747,2.988,0,333.09122,90.61978,0.49679565,-0.00089263916
748,748,2.992,0,333.262,90.633514,0.17077637,0.01373291
749,749,2.996,0,332.86215,90.62404,-0.3998413,-0.009475708
750,750,3.0,0,332.6568,90.64609,-0.20535278,0.02204895
751,751,3.004,0,333.12375,90.63266,0.46694946,-0.013427734
752,752,3.008,0,333.3934,90.63601,0.26965332,0.0033493042
753,753,3.012,0,332.8589,90.626884,-0.5345154,-0.009124756
754,754,3.016,0,332.61337,90.64031,-0.24551392,0.013427734
755,755,3.02,0,333.1241,90.636345,0.5107422,-0.003967285
756,756,3.024,0,333.33032,90.639206,0.20620728,0.002861023
757,757,3.028,0,332.856,90.63069,-0.47433472,-0.008514404
758,758,3.032,0,332.62863,90.6478,-0.22735596,0.017105103
759,759,3.036,0,333.23184,90.64094,0.60321045,-0.0068588257
760,760,3.04,0,333.23227,90.640656,0.0004272461,-0.0002822876
761,761,3.044,0,332.70905,90.64457,-0.5232239,0.0039138794
762,762,3.048,0,332.70905,90.64455,0.0,-2.2888184e-05
763,763,3.052,0,333.24017,90.642334,0.5311279,-0.0022125244
764,764,3.056,0,333.23587,90.64222,-0.0043029785,-0.00011444092
765,765,3.06,0,332.69073,90.645,-0.5451355,0.0027770996
766,766,3.064,0,332.81897,90.63362,0.12823486,-0.011375427
767,767,3.068,0,333.28528,90.63981,0.4663086,0.006187439
768,768,3.072,0,333.1337,90.63272,-0.15158081,-0.0070877075
769,769,3.076,0,332.68994,90.64451,-0.4437561,0.011787415
770,770,3.08,0,332.81702,90.632805,0.1270752,-0.011703491
771,771,3.084,0,333.28497,90.63948,0.46795654,0.00667572
772,772,3.088,0,333.08655,90.62198,-0.1984253,-0.017501831
773,773,3.092,0,332.68518,90.64394,-0.4013672,0.021965027
774,774,3.096,0,332.83713,90.63629,0.15194702,-0.0076522827
775,775,3.1,0,333.28085,90.63865,0.4437256,0.002357483
776,776,3.104,0,333.07794,90.61974,-0.20291138,-0.01890564
777,777,3.108,0,332.68228,90.643036,-0.3956604,0.023292542
778,778,3.112,0,332.9383,90.64201,0.25601196,-0.0010223389
779,779,3.116,0,333.27942,90.639465,0.3411255,-0.0025482178
780,780,3.12,0,332.96793,90.64327,-0.31149292,0.0038070679
781,781,3.124,0,332.6841,90.648254,-0.28381348,0.0049819946
782,782,3.128,0,332.97577,90.64735,0.2916565,-0.00090789795
783,783,3.132,0,333.28012,90.6437,0.3043518,-0.0036468506
784,784,3.136,0,332.9147,90.64735,-0.36541748,0.0036468506
785,785,3.14,0,332.6856,90.65352,-0.22909546,0.00617218
786,786,3.144,0,333.08707,90.63019,0.40145874,-0.023330688
787,787,3.148,0,333.2836,90.64858,0.1965332,0.01839447
788,788,3.152,0,332.84976,90.651924,-0.4338379,0.0033416748
789,789,3.156,0,332.68738,90.65303,-0.16238403,0.0011062622
790,790,3.16,0,333.1246,90.63994,0.43722534,-0.013092041
791,791,3.164,0,333.28415,90.64603,0.1595459,0.006088257
792,792,3.168,0,332.81848,90.64489,-0.46566772,-0.0011367798
793,793,3.172,0,332.69296,90.65371,-0.1255188,0.00881958
794,794,3.176,0,333.12955,90.64549,0.43658447,-0.008216858
795,795,3.18,0,333.2894,90.64641,0.15985107,0.00091552734
796,796,3.184,0,332.8223,90.64539,-0.46710205,-0.0010147095
797,797,3.188,0,332.69534,90.65614,-0.12695312,0.010749817
798,798,3.192,0,333.23767,90.65588,0.5423279,-0.0002593994
799,799,3.196,0,333.23917,90.65653,0.0014953613,0.00064849854
800,800,3.2,0,332.69516,90.65854,-0.54400635,0.0020065308
801,801,3.204,0,332.69516,90.65854,0.0,0.0
802,802,3.208,0,333.27808,90.648735,0.58291626,-0.009803772
803,803,3.212,0,333.2779,90.64884,-0.00018310547,0.00010681152
804,804,3.216,0,332.6966,90.66067,-0.5812988,0.0118255615
805,805,3.22,0,332.78204,90.640175,0.08544922,-0.020492554
806,806,3.224,0,333.2821,90.647484,0.50006104,0.00730896
807,807,3.228,0,333.21716,90.64545,-0.064941406,-0.0020370483
808,808,3.232,0,332.784,90.64399,-0.4331665,-0.0014572144
809,809,3.236,0,332.81305,90.64994,0.029052734,0.0059509277
810,810,3.24,0,333.32306,90.655785,0.51000977,0.005844116
811,811,3.244,0,333.21616,90.64826,-0.106903076,-0.007522583
812,812,3.248,0,332.8126,90.6526,-0.40356445,0.0043411255
813,813,3.252,0,332.8221,90.65231,0.009521484,-0.000289917
814,814,3.256,0,333.38055,90.64535,0.55844116,-0.006965637
815,815,3.26,0,333.0666,90.66313,-0.31396484,0.017784119
816,816,3.264,0,332.5997,90.66966,-0.46688843,0.0065307617
817,817,3.268,0,332.9679,90.6451,0.36819458,-0.024559021
818,818,3.272,0,333.39825,90.6569,0.4303589,0.011795044
819,819,3.276,0,332.97806,90.64765,-0.42019653,-0.009246826
820,820,3.28,0,332.6987,90.66323,-0.2793579,0.015579224
821,821,3.284,0,332.97897,90.648224,0.28027344,-0.015007019
822,822,3.288,0,333.3511,90.65897,0.37213135,0.010749817
823,823,3.292,0,332.9851,90.65041,-0.3659973,-0.008560181
824,824,3.296,0,332.69818,90.66393,-0.28692627,0.013519287
825,825,3.3,0,332.99905,90.654854,0.3008728,-0.0090789795
826,826,3.304,0,333.2915,90.65013,0.29244995,-0.004722595
827,827,3.308,0,332.96545,90.64871,-0.3260498,-0.0014190674
828,828,3.312,0,332.71387,90.6423,-0.2515869,-0.0064086914
829,829,3.316,0,333.0331,90.63777,0.31924438,-0.0045318604
830,830,3.32,0,333.34464,90.645485,0.31152344,0.007713318
831,831,3.324,0,332.87167,90.64342,-0.47296143,-0.002067566
832,832,3.328,0,332.6565,90.64145,-0.21517944,-0.0019683838
833,833,3.332,0,333.17242,90.643295,0.5159302,0.0018463135
834,834,3.336,0,333.33093,90.649086,0.1585083,0.0057907104
835,835,3.34,0,332.8688,90.64715,-0.4621277,-0.0019378662
836,836,3.344,0,332.652,90.64419,-0.21679688,-0.002960205
837,837,3.348,0,333.18164,90.64658,0.52963257,0.0023956299
838,838,3.352,0,333.20258,90.64768,0.020935059,0.0010986328
839,839,3.356,0,332.85797,90.64797,-0.3446045,0.000289917
840,840,3.36,0,332.69308,90.66039,-0.16488647,0.012420654
841,841,3.364,0,333.19815,90.64988,0.5050659,-0.010513306
842,842,3.368,0,333.22998,90.651184,0.031829834,0.0013046265
843,843,3.372,0,332.7078,90.65314,-0.5221863,0.001953125
844,844,3.376,0,332.73795,90.66668,0.030151367,0.013542175
845,845,3.38,0,333.23843,90.65711,0.5004883,-0.009567261
846,846,3.384,0,333.23843,90.65725,0.0,0.0001373291
847,847,3.388,0,332.69986,90.658615,-0.5385742,0.0013656616
848,848,3.392,0,332.88934,90.65477,0.18948364,-0.0038452148
849,849,3.396,0,333.24768,90.659134,0.3583374,0.0043640137
850,850,3.4,0,333.24258,90.65949,-0.0050964355,0.00035858154
851,851,3.404,0,332.70255,90.657646,-0.54003906,-0.0018463135
852,852,3.408,0,332.88882,90.655235,0.1862793,-0.0024108887
853,853,3.412,0,333.25116,90.659035,0.3623352,0.0037994385
854,854,3.416,0,333.1598,90.6548,-0.09136963,-0.004234314
855,855,3.42,0,332.70276,90.66121,-0.45703125,0.0064086914
856,856,3.424,0,332.89545,90.666046,0.19268799,0.004837036
857,857,3.428,0,333.2596,90.67269,0.36416626,0.0066452026
858,858,3.432,0,332.9712,90.66714,-0.28842163,-0.005554199
859,859,3.436,0,332.70486,90.66182,-0.2663269,-0.005317688
860,860,3.44,0,332.97256,90.66738,0.2677002,0.0055618286
861,861,3.444,0,333.25977,90.67348,0.28720093,0.006095886
862,862,3.448,0,332.9713,90.66778,-0.28845215,-0.0056991577
863,863,3.452,0,332.7048,90.66244,-0.26651,-0.005340576
864,864,3.456,0,332.9725,90.66791,0.2677002,0.005470276
865,865,3.46,0,333.2598,90.673996,0.28729248,0.006088257
866,866,3.464,0,332.97128,90.66838,-0.28851318,-0.0056152344
867,867,3.468,0,332.70496,90.662865,-0.2663269,-0.0055160522
868,868,3.472,0,333.02307,90.67614,0.31811523,0.0132751465
869,869,3.476,0,333.2638,90.67296,0.24072266,-0.0031814575
870,870,3.48,0,332.9009,90.66721,-0.36288452,-0.005744934
871,871,3.484,0,332.70566,90.65925,-0.19525146,-0.007965088
872,872,3.488,0,333.17786,90.65919,0.4721985,-6.1035156e-05
873,873,3.492,0,333.26215,90.67194,0.08428955,0.012756348
874,874,3.496,0,332.89038,90.665115,-0.37176514,-0.006828308
875,875,3.5,0,332.70578,90.66162,-0.18460083,-0.0034942627
876,876,3.504,0,333.25015,90.67453,0.54437256,0.012908936
877,877,3.508,0,333.25626,90.67383,0.0061035156,-0.0007019043
878,878,3.512,0,332.80545,90.66061,-0.45080566,-0.013221741
879,879,3.516,0,332.70364,90.66397,-0.10180664,0.003364563
880,880,3.52,0,333.25433,90.675995,0.5506897,0.012023926
881,881,3.524,0,333.2537,90.676315,-0.00064086914,0.00032043457
882,882,3.528,0,333.2537,90.676315,0.0,0.0
883,883,3.532,0,333.2537,90.676315,0.0,0.0
884,884,3.536,0,333.2537,90.676315,0.0,0.0
885,885,3.54,0,333.2537,90.676315,0.0,0.0
886,886,3.544,0,333.2537,90.676315,0.0,0.0
