{
    "streams": [
        {
            "index": 0,
            "codec_name": "h264",
            "codec_long_name": "H.264 / AVC / MPEG-4 AVC / MPEG-4 part 10",
            "profile": "High",
            "codec_type": "video",
            "codec_tag_string": "avc1",
            "codec_tag": "0x31637661",
            "width": 640,
            "height": 420,
            "coded_width": 640,
            "coded_height": 420,
            "closed_captions": 0,
            "film_grain": 0,
            "has_b_frames": 2,
            "sample_aspect_ratio": "7:6",
            "display_aspect_ratio": "16:9",
            "pix_fmt": "yuv420p",
            "level": 31,
            "color_range": "tv",
            "color_space": "bt709",
            "color_transfer": "iec61966-2-4",
            "color_primaries": "bt709",
            "chroma_location": "left",
            "field_order": "progressive",
            "refs": 1,
            "is_avc": "true",
            "nal_length_size": "4",
            "id": "0x1",
            "r_frame_rate": "50/1",
            "avg_frame_rate": "50/1",
            "time_base": "1/12800",
            "start_pts": 0,
            "start_time": "0.000000",
            "duration_ts": 442368,
            "duration": "34.560000",
            "bit_rate": "97430",
            "bits_per_raw_sample": "8",
            "nb_frames": "1728",
            "extradata_size": 55,
            "disposition": {
                "default": 1,
                "dub": 0,
                "original": 0,
                "comment": 0,
                "lyrics": 0,
                "karaoke": 0,
                "forced": 0,
                "hearing_impaired": 0,
                "visual_impaired": 0,
                "clean_effects": 0,
                "attached_pic": 0,
                "timed_thumbnails": 0,
                "non_diegetic": 0,
                "captions": 0,
                "descriptions": 0,
                "metadata": 0,
                "dependent": 0,
                "still_image": 0
            },
            "tags": {
                "language": "und",
                "handler_name": "Video Media Handler",
                "vendor_id": "[0][0][0][0]",
                "encoder": "Lavc60.31.102 libx264"
            }
        }
    ],
    "format": {
        "filename": "resources/input/tuning/hz32/fps500/tuning_hz32_fps500_50-1_640x420.mp4",
        "nb_streams": 1,
        "nb_programs": 0,
        "format_name": "mov,mp4,m4a,3gp,3g2,mj2",
        "format_long_name": "QuickTime / MOV",
        "start_time": "0.000000",
        "duration": "34.560000",
        "size": "442512",
        "bit_rate": "102433",
        "probe_score": 100,
        "tags": {
            "major_brand": "isom",
            "minor_version": "512",
            "compatible_brands": "isomiso2avc1mp41",
            "encoder": "Lavf60.16.100"
        }
    }
}
