,frequency,dx,dy
0,0.0,1.201966285705573,3.032472610473633
1,0.2895193977996526,1.1382675881159445,0.5663937754885846
2,0.5790387955993052,1.2413344488795794,0.35120764045301883
3,0.8685581933989577,0.7908058080396415,0.15159525363595133
4,1.1580775911986103,2.1778198391952985,0.6984161235714029
5,1.447596988998263,0.5201887432655098,0.7976166282126043
6,1.7371163867979154,1.424164363096007,0.24475415232769948
7,2.026635784597568,1.1195981697142532,0.20581455653759484
8,2.3161551823972206,0.1858119121153866,0.25637084783410896
9,2.6056745801968733,1.8005655563632728,0.48287723682918626
10,2.895193977996526,1.20990843666329,0.7259874478508332
11,3.1847133757961785,1.307402140865044,0.6019861702338071
12,3.4742327735958307,0.5831613720608073,0.6622201327810521
13,3.7637521713954833,0.8625646108822552,0.7814367609926967
14,4.053271569195136,0.2904359957816522,0.14379536189338898
15,4.342790966994789,1.432630314752993,0.4794280814145405
16,4.632310364794441,0.05952656090527019,0.6871036928439577
17,4.921829762594093,1.9872924189773271,0.5429214640469535
18,5.2113491603937465,1.6832386738630207,0.6315604164868005
19,5.500868558193399,0.7915463050656951,0.4566525920654112
20,5.790387955993052,1.6491788217469017,0.6800594724457147
21,6.079907353792704,1.2746667256211133,0.6131528318326649
22,6.369426751592357,1.009857322305408,0.2500904348516154
23,6.658946149392009,0.5691048794331057,0.5849984080464197
24,6.948465547191661,1.6005140975720153,0.861894695003778
25,7.2379849449913145,1.4346775978100066,0.6128417237645474
26,7.527504342790967,0.4055943461395652,0.5346971317091519
27,7.81702374059062,0.7987088421378552,0.924435294035886
28,8.106543138390272,2.692148932679564,0.3714356659933368
29,8.396062536189925,1.9229798961474291,0.5483656204606566
30,8.685581933989578,1.631576019583714,0.6883254480555491
31,8.97510133178923,1.0753694253861628,0.8250814484786027
32,9.264620729588882,1.679033804381672,0.9004056509681765
33,9.554140127388536,1.560496621135211,0.2283942647580549
34,9.843659525188187,0.9108025098749394,0.5817506298668358
35,10.13317892298784,1.8935057061110931,0.6139622538739938
36,10.422698320787493,1.0674926844018409,0.8637169684153468
37,10.712217718587146,1.2629509710626603,0.31518292079606497
38,11.001737116386797,1.9123740537680556,0.6127780994850872
39,11.29125651418645,2.58554977964779,0.7579588226539523
40,11.580775911986104,2.3730015618004057,0.5430913611751186
41,11.870295309785755,1.4291880959809653,0.24359361726984102
42,12.159814707585408,1.4510511226229128,0.5031256480711552
43,12.449334105385061,0.6129957665353556,0.3908683547232989
44,12.738853503184714,2.3303057626404877,0.5540575531104273
45,13.028372900984365,0.7774483244422021,0.6374118488893062
46,13.317892298784018,0.7472252940305077,0.648904768755515
47,13.607411696583672,2.3859452705819004,0.3241770974632529
48,13.896931094383323,2.644852518266933,0.4002942207548157
49,14.186450492182976,0.4056449277223935,1.211358899521024
50,14.475969889982629,1.1814540095147743,0.800442743713805
51,14.765489287782282,1.4267982291103094,0.30850039513320454
52,15.055008685581933,0.939426764746524,0.45336199603359206
53,15.344528083381586,3.820358231574975,1.5352526445335262
54,15.63404748118124,1.500757951390367,0.4905531081180874
55,15.923566878980893,0.5963228698047791,0.3826247866992443
56,16.213086276780544,0.3006140667386715,0.7571937742803884
57,16.502605674580195,0.8815063451850275,0.19550518780550402
58,16.79212507237985,0.7270417072034276,0.9847138425086243
59,17.0816444701795,1.7327145280857021,0.6816720016034242
60,17.371163867979156,1.6545064433282417,0.1492754349999031
61,17.660683265778808,4.871541284890835,0.4078473002333348
62,17.95020266357846,1.9288892203002725,0.5055854893651294
63,18.239722061378114,1.5871340954102193,0.7740108035154717
64,18.529241459177765,2.7207124187970355,0.19857507104770783
65,18.818760856977416,2.3671448946511897,0.5520380744293049
66,19.10828025477707,3.234533162456958,1.8564519614602413
67,19.397799652576722,1.003884370509799,0.8516129871677992
68,19.687319050376374,3.9270623088687913,0.9862981670846804
69,19.97683844817603,1.5151916138276225,0.7379038190426632
70,20.26635784597568,0.8734473213864405,0.9569205908439099
71,20.555877243775335,3.089744974633827,0.6992092799033361
72,20.845396641574986,4.221372445854901,1.2407476484032858
73,21.134916039374637,0.8878624819840609,1.2661609821855284
74,21.424435437174292,1.772236905598869,1.6679342571292792
75,21.713954834973944,4.20998393969025,2.3319745086369355
76,22.003474232773595,3.969468876405291,1.1122280586754845
77,22.29299363057325,2.4099300720230716,1.572525636196381
78,22.5825130283729,3.2571266753178802,1.3289171850564994
79,22.872032426172552,4.783662284276545,1.611616362241905
80,23.161551823972207,2.1098542353404777,0.06653362028980075
81,23.45107122177186,2.244252206801303,1.811093416884436
82,23.74059061957151,4.783200851045825,2.7149013330185428
83,24.030110017371165,4.430574204564947,2.3628950664025075
84,24.319629415170816,2.8922195970594506,1.2034499992330197
85,24.60914881297047,6.846837445040359,2.2112956341817913
86,24.898668210770122,2.394292488567577,2.4054052331765794
87,25.188187608569773,5.226827042450061,2.7562065433554723
88,25.477707006369428,10.619395317068777,3.092260712043632
89,25.76722640416908,9.495299482592236,3.4292893812958756
90,26.05674580196873,13.092141859566166,2.99980107966005
91,26.346265199768386,22.80280052223305,4.3799909142759805
92,26.635784597568037,54.444308821516245,7.698741708534297
93,26.92530399536769,89.91820090333897,15.621052148034689
94,27.214823393167343,26.743505218116272,4.839808381036351
95,27.504342790966994,13.925966264145515,3.7916696571306168
96,27.793862188766646,10.576259913219415,3.7115283718485212
97,28.0833815865663,7.861511229667627,3.6458415009029785
98,28.372900984365952,2.6502748436752586,1.8054804769752426
99,28.662420382165607,3.3572996874938505,0.5929018488217219
100,28.951939779965258,6.188033891414128,3.3391416805686522
101,29.24145917776491,5.651661424364159,0.4882243717223306
102,29.530978575564564,6.3145023219405845,1.3337288735940693
103,29.820497973364215,2.558391641217032,1.4219785019212687
104,30.110017371163867,9.498741282191322,0.8544457666235596
105,30.39953676896352,4.225017190835382,1.371309309429563
106,30.689056166763173,6.155005298381054,0.2768753923551741
107,30.978575564562824,2.624920683312226,1.9947419587006923
108,31.26809496236248,0.6486692502400193,0.8819052939237116
109,31.55761436016213,6.505546345202133,0.6484981211977718
110,31.847133757961785,5.236022209723036,0.6701840136244316
111,32.13665315576144,4.0894725006551855,0.9445417314786878
112,32.42617255356109,8.621127214309084,1.8168155821431324
113,32.71569195136074,2.134421766077778,0.8558110791630021
114,33.00521134916039,6.651132103919981,1.399467521427736
115,33.29473074696005,7.13686785024605,1.5298408571571398
116,33.5842501447597,3.5117850408445435,1.6356230589405985
117,33.87376954255935,1.6426756513795717,0.7663343651588147
118,34.163288940359,5.827239198960944,1.679937544266218
119,34.452808338158654,1.981020971322892,1.7144281619363904
120,34.74232773595831,3.0929008067704764,0.3918450676608853
121,35.031847133757964,3.176180484136615,1.1590863908318334
122,35.321366531557615,0.9401172589321555,1.0254247993835761
123,35.610885929357266,4.1018911070336195,1.3432758921025614
124,35.90040532715692,1.0153975217663331,0.4467519448258492
125,36.18992472495657,3.0394957573524906,0.1651270818561789
126,36.47944412275623,5.943217258958227,0.996396273064604
127,36.76896352055588,9.874865956833025,2.4105532792816615
128,37.05848291835553,3.093580776327367,2.0031755762176133
129,37.34800231615518,2.3940196813539343,1.006015266589083
130,37.63752171395483,3.1662108212325886,1.390671613358301
131,37.92704111175449,4.641675699791695,1.565171537936877
132,38.21656050955414,6.206418797089945,1.4161183372199442
133,38.506079907353794,4.196463864707269,0.7682994903637491
134,38.795599305153445,3.221596320429421,0.34659463506111926
135,39.085118702953096,1.9648312378809778,2.324249248218568
136,39.37463810075275,10.081119280789741,2.0537801693916613
137,39.664157498552406,6.3153531064520045,1.4125473145783767
138,39.95367689635206,7.029603994933914,1.3849396069677833
139,40.24319629415171,4.802552915806268,1.2020832381668483
140,40.53271569195136,3.0303246033936815,1.331061138513474
141,40.82223508975101,5.504248771272578,0.6253765375087321
142,41.11175448755067,4.250522729735145,1.008638969582562
143,41.40127388535032,8.87365841571338,0.4998877313775175
144,41.69079328314997,4.5660184960686445,1.697028492566625
145,41.98031268094962,3.8478458411031604,1.0523206806141217
146,42.269832078749275,6.094747822574995,0.9051161165599722
147,42.559351476548926,4.533300454688325,0.8635450812014068
148,42.848870874348584,6.947331447412229,1.5788938287002678
149,43.138390272148236,3.369682053569763,1.6594750419979107
150,43.42790966994789,7.987738497574325,1.4009003136538178
151,43.71742906774754,1.9824963786449852,0.6753996524503266
152,44.00694846554719,2.0419079077838935,1.4420471484952095
153,44.29646786334684,6.097541394335196,0.693818753419551
154,44.5859872611465,5.777548621411694,2.094051954837354
155,44.87550665894615,8.027769134726853,1.5487856041611074
156,45.1650260567458,4.342648890189023,3.188440543089446
157,45.45454545454545,2.9741029644735093,1.0193847630997317
158,45.744064852345105,5.048013958670699,1.8242108580441534
159,46.03358425014476,3.5284048559215253,1.2839041431761955
160,46.323103647944414,3.0529926516152868,1.5279664636025783
161,46.612623045744066,6.628686557457932,1.8277921220057902
162,46.90214244354372,8.002462237781044,2.542489607117525
163,47.19166184134337,7.8381258878663145,2.2839518622137085
164,47.48118123914302,5.038739526781941,1.58615349475515
165,47.77070063694268,2.9223820469834942,1.2886938486989796
166,48.06022003474233,4.605451224173283,3.2423648131394556
167,48.34973943254198,10.662486615921612,0.7614268330445626
168,48.63925883034163,6.262062050878386,1.2237770439040274
169,48.92877822814128,10.194876707869689,2.7076489246515063
170,49.21829762594094,4.918775314987518,0.8402680973214172
171,49.50781702374059,3.854671766644756,0.1501473438831171
172,49.797336421540244,7.142271338846591,3.1242505565215235
173,50.086855819339895,5.971641803139088,1.1490676932830257
174,50.37637521713955,3.6638344326230916,1.685086245014212
175,50.6658946149392,4.594931221142026,1.0820304627056048
176,50.955414012738856,3.5524681976621015,1.7545772486289333
177,51.24493341053851,5.59240225341257,2.501095075970461
178,51.53445280833816,2.19222882483375,2.6564694155643465
179,51.82397220613781,5.578918088716751,1.445810359072055
180,52.11349160393746,5.997376344656539,2.581149642206987
181,52.40301100173712,19.079202431625554,0.25316363097946465
182,52.69253039953677,11.503262523395355,1.7427734750962913
183,52.98204979733642,12.747459302216798,2.00727433246507
184,53.271569195136074,26.573810735367342,1.5284291194182917
185,53.561088592935725,126.70504392808547,8.48471339006705
186,53.85060799073538,38.113173412091946,5.46933512675276
187,54.140127388535035,15.88801257317316,3.0430664475718014
188,54.429646786334686,6.9348514666225345,2.2852073769575036
189,54.71916618413434,9.583509988938705,2.979551470152164
190,55.00868558193399,16.673647940016842,1.066634174839081
191,55.29820497973364,15.248975135912861,1.4978047265062326
192,55.58772437753329,2.6482053639598835,2.836803053861138
193,55.87724377533295,5.852995836492006,2.357828612425777
194,56.1667631731326,6.029141411204714,1.3200600622120695
195,56.45628257093225,5.551008218952071,2.060363500106541
196,56.745801968731904,6.844971804066947,2.158100604071659
197,57.035321366531555,6.867643069836526,0.2608219535324452
198,57.32484076433121,8.995246094094357,1.4192717819766207
199,57.614360162130865,8.889564942669205,2.3211111262325224
200,57.903879559930516,9.552284222527367,0.34669965755547383
201,58.19339895773017,3.3526339302965926,1.398107382429228
202,58.48291835552982,3.3950688077551945,0.6406741841082731
203,58.77243775332947,4.919856484318837,1.0479060192995293
204,59.06195715112913,1.1013373657130332,1.6600638347277568
205,59.35147654892878,2.0062952847618853,0.6805606167189657
206,59.64099594672843,6.753764385894994,1.708330968061168
207,59.93051534452808,8.671159771339605,1.1871681892440191
208,60.220034742327734,5.114852719436975,0.792792709451383
209,60.50955414012739,3.4016898650974707,1.3253258205883396
210,60.79907353792704,9.063437835393515,1.0852447319330827
211,61.088592935726695,1.9149640240550607,1.7208194818151505
212,61.378112333526346,5.86248763224435,1.990720056910476
213,61.667631731326,5.56122048234758,2.1899245785894172
214,61.95715112912565,9.524536424900177,1.8473941191250507
215,62.24667052692531,3.7762391529182073,0.870639213898556
216,62.53618992472496,6.887959332861739,1.066121873052934
217,62.82570932252461,6.532727532593346,0.9909366820593084
218,63.11522872032426,1.328506121852175,1.0412500513540215
219,63.40474811812391,2.644616287042835,1.0886158662566945
220,63.69426751592357,1.3883485606393993,2.290095343227163
221,63.98378691372322,7.957666874649686,2.3284167184274898
222,64.27330631152287,2.798713922109938,1.2233693840735145
223,64.56282570932252,1.0247488234541025,0.6821910913428774
224,64.85234510712218,8.062761313687592,1.9058737908276175
225,65.14186450492183,6.898232022350679,0.9644650510093483
226,65.43138390272148,3.9153397883053827,2.58384172856448
227,65.72090330052113,8.083917230918757,0.8821912687940133
228,66.01042269832078,7.763195760450365,2.2400833697793923
229,66.29994209612045,8.484920836768948,0.27305424667815104
230,66.5894614939201,9.94504148352521,1.2661752113007407
231,66.87898089171975,6.265003484824923,0.20208957427453142
232,67.1685002895194,3.3139275657756975,2.3001728895329014
233,67.45801968731905,5.04426265858088,0.3901615001715954
234,67.7475390851187,0.7399905775309409,0.4700414092784014
235,68.03705848291835,3.8731450507350442,0.07006497954945093
236,68.326577880718,9.788516488078637,0.8966294644342735
237,68.61609727851766,6.754498200790139,0.8218901772894909
238,68.90561667631731,7.6190388521870105,0.922731790977334
239,69.19513607411696,1.9376864900521857,0.46597931311550295
240,69.48465547191662,1.3255042620936686,0.13658470035573178
241,69.77417486971628,4.3156027431142405,1.6398931615843462
242,70.06369426751593,3.3689255967855174,0.7428443243768064
243,70.35321366531558,20.276457686307467,2.6425118760062802
244,70.64273306311523,12.304537211454589,1.190751772912918
245,70.93225246091488,2.7502533879293627,0.6306060897347499
246,71.22177185871453,5.680226478969586,1.6857306264613987
247,71.51129125651418,6.459350816005053,1.717174589462565
248,71.80081065431384,6.230222189569173,3.246025962695553
249,72.09033005211349,2.4996065964951626,1.3534702168420838
250,72.37984944991314,23.936122329886356,4.265057583570123
251,72.6693688477128,3.2243120735630444,1.4006417942821396
252,72.95888824551245,4.48346428450136,1.321711066360553
253,73.2484076433121,1.8065681033545207,1.5105516340557927
254,73.53792704111176,8.251180060415328,1.6883774610586562
255,73.82744643891141,3.664578380180089,1.0347128932299166
256,74.11696583671106,2.270771151115555,1.6719631607896208
257,74.40648523451071,9.240230248898454,1.4641814161909448
258,74.69600463231036,1.330343595006745,2.610559681269276
259,74.98552403011001,1.4921199420446978,1.6625384693246235
260,75.27504342790967,4.4892299967188105,0.6714504542775267
261,75.56456282570932,3.1075544689289245,1.6791664847404466
262,75.85408222350898,5.725652892103813,1.3735734231775847
263,76.14360162130863,4.41203209093724,1.440008691298057
264,76.43312101910828,1.7344121412892382,1.9074850429542038
265,76.72264041690794,1.678548869197332,0.6667336991407687
266,77.01215981470759,3.9191647205838436,3.380337217465714
267,77.30167921250724,2.392356043265217,1.333507629622761
268,77.59119861030689,2.559770468703547,0.7942345683597605
269,77.88071800810654,2.9173324711803983,1.4905005834492961
270,78.17023740590619,2.7410081992880224,2.3405010034956666
271,78.45975680370584,0.39261946957924515,0.8490385545545434
272,78.7492762015055,5.259359159119868,0.437440561732192
273,79.03879559930516,2.2465483484734126,1.1392604911636652
274,79.32831499710481,3.2122299676342325,0.3902915454066447
275,79.61783439490446,3.6066881346186217,1.2939274219337737
276,79.90735379270411,3.4360538929188866,1.2275815317414942
277,80.19687319050377,5.6463390649231515,0.8746439342419188
278,80.48639258830342,26.59784670513783,7.806552380491469
279,80.77591198610307,3.5057420854787473,2.557534383370664
280,81.06543138390272,6.487079864969977,3.1522741103259215
281,81.35495078170237,2.467245676815987,1.059507126976651
282,81.64447017950202,4.547338493504145,0.9408299806345582
283,81.93398957730167,5.700691524888922,0.41563087346567906
284,82.22350897510134,0.7356501089423417,1.1341706196604342
285,82.51302837290099,3.1291351850375952,0.910464439276785
286,82.80254777070064,2.864307490631365,1.67062219812727
287,83.0920671685003,2.1808896788296344,0.6597320296843893
288,83.38158656629994,3.520833595304798,0.5162722526771166
289,83.6711059640996,6.991288564646433,1.52492202753065
290,83.96062536189925,0.5313995309908133,0.8952702122843871
291,84.2501447596989,2.9932698825206443,1.6385097880869446
292,84.53966415749855,2.6414121227275844,0.9694063206329938
293,84.8291835552982,3.0927501130096853,0.20603893167404103
294,85.11870295309785,2.681170984080507,0.9720137476153055
295,85.40822235089752,3.0905372241864058,0.7038557856724642
296,85.69774174869717,2.9421956753812943,0.8733670787783734
297,85.98726114649682,5.319258675237551,1.5781710863194964
298,86.27678054429647,4.608112568124329,1.0397413602675025
299,86.56629994209612,0.7208906725708412,0.41283701507803927
300,86.85581933989577,3.0805789120514957,0.6050751341757696
301,87.14533873769543,2.9223625206316037,1.6408768287965505
302,87.43485813549508,5.133008715385,0.41402964064014164
303,87.72437753329473,3.321480377048069,1.1482354574784859
304,88.01389693109438,4.241961412084028,1.6136972373575285
305,88.30341632889403,4.211283706826337,1.0447489499918161
306,88.59293572669368,2.1468691357490135,1.092434047620762
307,88.88245512449335,5.689767964542169,1.2200966730965839
308,89.171974522293,1.1576412325846952,0.48854465955980386
309,89.46149392009265,5.141647939260427,1.4697056896913052
310,89.7510133178923,1.66477391802531,0.37170052689131144
311,90.04053271569195,1.660642357235074,0.8961711945015967
312,90.3300521134916,2.764705071870515,0.6204899613320923
313,90.61957151129126,2.920666672503237,0.6717156272939873
314,90.9090909090909,4.767632366291289,0.2550146377081669
315,91.19861030689056,3.910268679033127,1.026930195098888
316,91.48812970469021,2.3582869570455944,0.5400074756430613
317,91.77764910248986,1.492894821339376,1.1085775557393636
318,92.06716850028953,4.828873584905776,1.2013968935982118
319,92.35668789808918,2.6530353614993603,0.6383523687479951
320,92.64620729588883,3.9924361635118704,1.1139821716840774
321,92.93572669368848,3.002217999001306,0.2127704924718921
322,93.22524609148813,4.189144699032916,0.7293131218716181
323,93.51476548928778,0.9097408467797568,0.46087476096556046
324,93.80428488708743,1.7935065807697672,0.19984240005259438
325,94.09380428488709,4.454728877071399,0.8073396619256336
326,94.38332368268674,5.225090081806654,2.4387803137906654
327,94.67284308048639,5.615334015994583,0.8052053708520095
328,94.96236247828604,1.990280192286102,0.18171640164135688
329,95.2518818760857,2.486934240159605,1.8735650605628804
330,95.54140127388536,2.139074849306814,0.3381499174608311
331,95.830920671685,2.2190038608820677,0.25345602063394745
332,96.12044006948466,4.968549523305636,0.7583563541132737
333,96.40995946728431,4.518465115563994,1.0778254312292974
334,96.69947886508396,2.2197412677961625,0.5618847726672369
335,96.98899826288361,3.2790688832694226,0.474813781919712
336,97.27851766068326,3.1577862004219686,1.5805244397422973
337,97.56803705848291,2.83105100563331,1.4552772878387066
338,97.85755645628257,4.5694148114958,1.1187837277922144
339,98.14707585408222,2.334716488617062,0.8816485329938678
340,98.43659525188188,2.3555740850945353,1.0555105761170132
341,98.72611464968153,1.6131908645428068,1.4800713667204193
342,99.01563404748119,6.747120153170785,1.6155345479953696
343,99.30515344528084,4.865026627843765,0.7215698733407625
344,99.59467284308049,2.2229932267956944,1.330234426170911
345,99.88419224088014,1.0430715569778102,1.0171618949256183
346,100.17371163867979,2.7195564205555636,0.5464840920881445
347,100.46323103647944,1.703053187563177,1.268809515975396
348,100.7527504342791,0.4183338312068577,1.3387047144548097
349,101.04226983207874,2.981082835647626,0.6574588468893576
350,101.3317892298784,0.08580604768320473,1.0686463593706237
351,101.62130862767806,1.3000065231518154,0.549013304865807
352,101.91082802547771,3.6135120032400008,0.5247643175370391
353,102.20034742327736,2.1029524678780325,0.7586956917597745
354,102.48986682107702,3.246868696425475,0.18974038987705716
355,102.77938621887667,1.589073869869192,0.6095564840640288
356,103.06890561667632,6.604710001428659,0.3912466692912256
357,103.35842501447597,1.7518272465338527,0.3161129015866398
358,103.64794441227562,0.3619155611884385,0.32992395656745727
359,103.93746381007527,1.1944186140856987,0.5615697946796168
360,104.22698320787492,2.6791714293106206,0.1437801269914457
361,104.51650260567457,2.806804614831731,0.2751160387521738
362,104.80602200347424,2.2506465422073365,1.583875688316893
363,105.09554140127389,1.8797579819945665,1.3634688703822022
364,105.38506079907354,4.499968131733677,0.5500802016983054
365,105.6745801968732,3.787276083752336,1.1611070098938294
366,105.96409959467285,3.4947344702745564,0.9788780272404906
367,106.2536189924725,2.9032947097777297,1.4962639248785636
368,106.54313839027215,3.708854304797609,0.5511587182582411
369,106.8326577880718,4.889377807092914,2.4286821508718774
370,107.12217718587145,7.0484073818582855,1.051478788947121
371,107.4116965836711,9.940652692950326,0.609009424682339
372,107.70121598147075,2.325233004556926,1.1529351031192292
373,107.99073537927042,2.748704525434838,1.6504466031900458
374,108.28025477707007,3.595826924800774,0.5493692969937379
375,108.56977417486972,4.660053212705674,0.8478996742678839
376,108.85929357266937,2.944960119645293,1.3525781758366764
377,109.14881297046902,3.968802719336742,1.8950657792277192
378,109.43833236826868,1.7073512406229252,1.9303577242890528
379,109.72785176606833,1.0419659816989681,1.8126907052797816
380,110.01737116386798,3.1605337576525314,1.1619571857378892
381,110.30689056166763,1.898468579786735,0.9679382497582256
382,110.59640995946728,2.72633424910423,0.946793689260235
383,110.88592935726693,4.639968557668583,2.599827582962326
384,111.17544875506658,2.853934431633353,1.4138234220596815
385,111.46496815286625,3.860263998303518,1.0362837683380728
386,111.7544875506659,2.957112135311149,1.1867969139407606
387,112.04400694846555,1.809412322843962,1.5687041044467602
388,112.3335263462652,0.5746800356691417,0.8429041722434947
389,112.62304574406485,4.479256104871737,0.8178320413848913
390,112.9125651418645,4.964998128390055,0.5593925424862742
391,113.20208453966416,4.783727303581881,0.9423325857988594
392,113.49160393746381,4.442446772435348,0.0882092625158882
393,113.78112333526346,2.2567431245021528,0.5261281960973108
394,114.07064273306311,2.0058176777643917,1.2263088029225706
395,114.36016213086276,7.005310393617501,1.2963315289382733
396,114.64968152866243,1.8475623899652507,0.8985968969365907
397,114.93920092646208,3.0416893808213064,0.6055522174447099
398,115.22872032426173,3.254406717906925,0.4721454111548526
399,115.51823972206138,5.362850056826548,0.5998794335714716
400,115.80775911986103,1.1508398599750695,0.5410237055113072
401,116.09727851766068,1.6489508600799219,0.9431534037133963
402,116.38679791546033,2.312418025994355,0.636654363615813
403,116.67631731325999,2.7047312390826868,0.1839895325485766
404,116.96583671105964,3.50234770547427,0.8345343647204928
405,117.25535610885929,4.3030155200109865,0.6896031876316618
406,117.54487550665894,2.7217588976957905,0.9776285957878749
407,117.8343949044586,3.210685480483528,0.5437411228677363
408,118.12391430225826,3.386446184025259,0.6465996725196175
409,118.41343370005791,2.3718128642371648,0.9717926089421982
410,118.70295309785756,1.1176326132274181,1.0088149439545435
411,118.99247249565721,4.417437176582284,0.20522461094816427
412,119.28199189345686,2.136430013974436,0.3514455089179606
413,119.57151129125651,4.5171059979198205,1.3154892211151008
414,119.86103068905616,6.369529081497085,1.3092514529312986
415,120.15055008685582,3.2870059651020544,0.49206772160880624
416,120.44006948465547,2.590378838508944,0.6818783482265354
417,120.72958888245512,3.0484478434461355,0.5253256467961964
418,121.01910828025478,6.357876779619998,0.6891325502339756
419,121.30862767805444,1.9199755743029243,0.16055927068454925
420,121.59814707585409,3.5254982329456968,0.7099399574211558
421,121.88766647365374,4.530233241799989,1.0221071635292296
422,122.17718587145339,0.7571651921630744,0.5058333777558245
423,122.46670526925304,4.776498224641924,2.030239215487396
424,122.75622466705269,2.6439267084281406,0.4363262822017699
425,123.04574406485234,2.19836152806532,1.6278316924837462
426,123.335263462652,0.5219246275493327,0.3471364122238408
427,123.62478286045165,2.3576711089654254,0.36800296842263175
428,123.9143022582513,4.310220300764983,0.6031587597482578
429,124.20382165605096,4.084617935976935,1.0347656586992944
430,124.49334105385061,9.081426083513067,0.633000339253577
431,124.78286045165027,3.169464710519865,0.5972043543699939
432,125.07237984944992,7.0853884017501425,2.259235804986656
433,125.36189924724957,3.41902466550269,1.7067294648881866
434,125.65141864504922,1.8789594933921892,1.0556675326811094
435,125.94093804284887,8.498327347293223,1.232918107907918
436,126.23045744064852,2.8657456453401977,1.4109440858399955
437,126.51997683844817,5.523604357404102,1.599713336144522
438,126.80949623624782,4.275812034068391,1.455833809171307
439,127.09901563404748,1.7673347061931606,0.7270766362459539
440,127.38853503184714,5.290512046186364,0.918160942988616
441,127.67805442964679,4.728832338343728,1.072673024997332
442,127.96757382744644,1.957264731735739,1.133190622565247
443,128.25709322524608,7.008761308291337,0.49258169747812
444,128.54661262304575,3.860493965313823,1.5304859003962663
445,128.83613202084538,7.471273714008928,2.7908108700950143
446,129.12565141864505,3.2021892228035824,2.2962404360952284
447,129.41517081644471,2.2376912088805043,0.4340322961507759
448,129.70469021424435,4.087151648479998,1.3234026579399374
449,129.99420961204402,4.83268590231821,1.967901290396426
450,130.28372900984365,2.2106058449243524,1.2667041302192876
451,130.57324840764332,4.238955683935612,0.03371739988574584
452,130.86276780544296,4.818091703913149,1.7168425472089226
453,131.15228720324262,3.510169398346698,1.8269040515935198
454,131.44180660104226,2.6987170496024,1.336954959349089
455,131.73132599884192,6.309688531949169,1.7297262721722746
456,132.02084539664156,1.8400825525773719,0.917400374066551
457,132.31036479444123,5.08338717238082,1.7008633410442102
458,132.5998841922409,1.5206714720425825,0.7704256650430127
459,132.88940359004053,9.17783563830809,2.369664923206492
460,133.1789229878402,14.920667369877801,2.6752184770775247
461,133.46844238563983,3.9556566059384837,0.322735742810272
462,133.7579617834395,6.791464934588523,0.32802600620405054
463,134.04748118123914,11.16528149414832,0.37866797943330355
464,134.3370005790388,4.077364471024488,0.44287492839651826
465,134.62651997683844,5.1209311596473075,0.7222385356317141
466,134.9160393746381,8.096362106282118,2.401379641748136
467,135.20555877243774,2.7896619041640105,1.536769655317251
468,135.4950781702374,3.0791692629679406,0.8925360930228505
469,135.78459756803707,2.845543638532517,0.39556655581024025
470,136.0741169658367,5.039014240286893,1.050436388056647
471,136.36363636363637,5.920952703032145,1.0958470474234039
472,136.653155761436,3.074116958285261,0.5035281577740163
473,136.94267515923568,3.5056864438414697,2.1263805399289644
474,137.2321945570353,4.343135120681876,1.2460675761982347
475,137.52171395483498,3.3964219206958095,0.472276045734462
476,137.81123335263462,9.134453839159017,0.34979614677459764
477,138.10075275043428,4.006320901003817,2.039959553184652
478,138.39027214823392,3.967397078222299,0.16896932787580962
479,138.67979154603358,2.190221175984831,1.7324309260558235
480,138.96931094383325,3.1965927548617854,0.17316709148654408
481,139.2588303416329,4.4287297485897295,1.5459223631744716
482,139.54834973943255,5.9131554058114295,1.9740367033951853
483,139.8378691372322,3.711837726560528,1.8349266577125622
484,140.12738853503186,3.0475300522612074,1.2754218180041643
485,140.4169079328315,8.174644723158774,0.4760164849746422
486,140.70642733063116,3.746733079873954,0.35154461256244085
487,140.9959467284308,8.493722873238811,2.4376670713357553
488,141.28546612623046,6.007062404948519,0.3345959243549805
489,141.5749855240301,3.2322968265101113,0.9703896263715122
490,141.86450492182976,3.786632744661345,0.9404524915084276
491,142.15402431962943,4.055098953536732,0.3385319892446973
492,142.44354371742907,3.012484412577919,1.7373601702540893
493,142.73306311522873,2.3921814222313507,0.42951468249667357
494,143.02258251302837,6.0985622179231616,2.2160677544278915
495,143.31210191082803,4.743543896845156,0.38132170710150803
496,143.60162130862767,4.902532414929545,1.5649605583589692
497,143.89114070642734,2.312657995481187,0.5128594971824872
498,144.18066010422697,1.1600062952682415,0.5823711213168064
499,144.47017950202664,4.188465121526126,0.9484985033455078
500,144.75969889982628,4.6883844736774565,1.4515775335540928
501,145.04921829762594,1.541292107583091,0.5381030891712126
502,145.3387376954256,3.0866268359959337,1.574458213557919
503,145.62825709322524,3.47844401769448,1.389129524406374
504,145.9177764910249,8.612485822410287,1.3365898165532215
505,146.20729588882455,4.811355811544118,0.6265658817473932
506,146.4968152866242,4.435159039334341,0.5433494080100475
507,146.78633468442385,1.66354104090256,1.8047198801411293
508,147.07585408222351,10.182662612498081,0.8649335154160109
509,147.36537348002315,4.823470413089155,0.461427728528834
510,147.65489287782282,7.811693090622017,1.1783315822014153
511,147.94441227562245,5.25038662928812,0.44474901970431696
512,148.23393167342212,2.303903048479991,0.8183615852195986
513,148.52345107122179,7.2198438793626485,1.1564543455040928
514,148.81297046902142,9.6418515160456,1.6137014122349664
515,149.1024898668211,7.609042514506242,2.1533974779159264
516,149.39200926462073,2.5324095668363427,1.3983393820988015
517,149.6815286624204,5.038323444358419,0.4823844526355744
518,149.97104806022003,5.088644002893137,1.1596408466033419
519,150.2605674580197,4.222642814084498,1.3453552316011577
520,150.55008685581933,11.9218590384064,1.0604361024954563
521,150.839606253619,6.159208649390962,1.3558472417762184
522,151.12912565141863,3.3531475097702828,0.689158084064337
523,151.4186450492183,3.4598690782410615,1.4332062977729314
524,151.70816444701796,2.824956314268816,1.6708214005276487
525,151.9976838448176,4.282175148437405,1.1634381504962492
526,152.28720324261727,11.173922288142231,1.5779723355699864
527,152.5767226404169,4.2541482693711,0.6008355590012822
528,152.86624203821657,4.234579899577596,0.8940184838359759
529,153.1557614360162,2.4771951256129228,2.831641927951655
530,153.44528083381587,4.085951491297281,0.9257666175909297
531,153.7348002316155,4.681620136734345,0.7076474668300592
532,154.02431962941517,3.8419114549277067,0.9386075710198444
533,154.3138390272148,3.8009461984469497,1.2614218034602405
534,154.60335842501448,5.052476094521974,1.3475094904890441
535,154.89287782281414,2.1687043438960965,0.3739203489187158
536,155.18239722061378,5.515759125366519,1.9261683393004554
537,155.47191661841345,12.812787558004006,1.414567339749316
538,155.76143601621308,2.8279511657999894,0.9622158147829715
539,156.05095541401275,5.465068603673793,1.4370089243703843
540,156.34047481181238,5.078147873225258,1.1431879478646905
541,156.62999420961205,4.6328363327522535,0.4532291502724573
542,156.9195136074117,2.4506795266149175,1.2060728325409285
543,157.20903300521135,1.7640373909581584,1.1489972106413358
544,157.498552403011,2.6948593302518407,1.0458248959787364
545,157.78807180081066,6.3157243305037865,0.8514875677830749
546,158.07759119861032,6.421159579082485,0.5707959437161955
547,158.36711059640996,5.082842906430775,1.0866996581330375
548,158.65662999420962,2.041564036128818,0.6412522644949196
549,158.94614939200926,1.9597716656280493,1.9144773581299375
550,159.23566878980893,4.537519631277376,1.5320419111336547
551,159.52518818760856,2.244343856500349,1.3735874662896344
552,159.81470758540823,4.518048247814059,1.1646481174400485
553,160.10422698320787,5.910426688115392,1.138124367975908
554,160.39374638100753,0.4828908104803906,1.6807998075373425
555,160.68326577880717,5.623988173894973,0.5603946190009508
556,160.97278517660683,18.577614838821237,1.7378101632303324
557,161.2623045744065,1.077541604535408,0.9753390136069803
558,161.55182397220614,5.020823158123333,1.8349381717726698
559,161.8413433700058,3.5173893426456004,2.007962813762227
560,162.13086276780544,1.7038903603637439,0.9723300852888891
561,162.4203821656051,1.9917903742783518,2.0123228923538696
562,162.70990156340474,7.06589010415143,1.163813011484262
563,162.9994209612044,2.7169326088959314,1.3170909233453807
564,163.28894035900404,1.9815501403002687,0.27523271178470227
565,163.5784597568037,1.3852415892013625,1.0856986696357718
566,163.86797915460335,1.120936382806297,1.650272318801043
567,164.157498552403,3.820210325498434,1.112926597291089
568,164.44701795020268,2.5449369191210156,0.6588731886788817
569,164.73653734800232,5.117272962153302,0.470617653292192
570,165.02605674580198,6.201914387630426,1.94409327851847
571,165.31557614360162,0.5934297970238988,1.007419314738232
572,165.60509554140128,6.179967157657238,0.5371316280531135
573,165.89461493920092,6.307820490590985,1.1066904426728117
574,166.1841343370006,6.655772527958065,0.5562183392246707
575,166.47365373480022,4.08864495920805,0.11627477055151049
576,166.7631731325999,4.891418940883738,1.2701294302974555
577,167.05269253039953,4.565606011194942,1.5412167338386538
578,167.3422119281992,2.591321164548305,1.350193477771021
579,167.63173132599886,3.044559163267168,1.3439538222776128
580,167.9212507237985,1.3008576379318368,0.34541633811436895
581,168.21077012159816,1.028469321994862,1.0022460753701923
582,168.5002895193978,5.456392495382438,0.7566411280669889
583,168.78980891719746,2.331880341964179,0.6065063783480757
584,169.0793283149971,2.2931623451773864,1.1714039403479652
585,169.36884771279676,4.44023305998493,1.5207997970654672
586,169.6583671105964,7.683091677041093,1.061374814158618
587,169.94788650839607,5.696246215359224,0.15834412861738745
588,170.2374059061957,4.565939350153364,0.4775608964182448
589,170.52692530399537,6.798906220161441,0.16231377856631354
590,170.81644470179504,5.206321426649829,0.42806247496816574
591,171.10596409959467,3.5637362853544854,1.0322425503125943
592,171.39548349739434,1.2100477919513863,0.13087953496710295
593,171.68500289519397,3.451824611478359,1.373063616416309
594,171.97452229299364,4.636217617318192,0.3616594216824302
595,172.26404169079328,3.698173575037912,0.4481903071223627
596,172.55356108859294,6.862547379854812,1.6961290185643336
597,172.84308048639258,3.82122852607113,1.3003505939311533
598,173.13259988419225,6.20205371432411,0.4912815445259238
599,173.42211928199188,1.5920056453525362,0.6103784388891382
600,173.71163867979155,3.7797803585662653,0.7451497498993103
601,174.00115807759119,6.359601328829947,0.8745167669599531
602,174.29067747539085,1.0964387231059518,1.4014300622007936
603,174.58019687319052,1.879044874231748,0.7333609317615316
604,174.86971627099015,2.384993716123468,1.0941076879686904
605,175.15923566878982,5.6706816837152765,0.21068874599626713
606,175.44875506658946,4.775198815588363,1.7710461751690112
607,175.73827446438912,6.036747563224896,0.5759203811542964
608,176.02779386218876,3.3355949526591546,0.8264069727398213
609,176.31731325998842,2.8580032245963296,1.3503321580562049
610,176.60683265778806,3.4106598298284543,0.4839175266613372
611,176.89635205558773,7.830293411624792,0.6199438634300038
612,177.18587145338736,3.1400271901638206,2.2366101902648783
613,177.47539085118703,4.866883052585271,0.6867120617885575
614,177.7649102489867,4.79189225516028,0.4125269633035493
615,178.05442964678633,3.97849100214816,1.367358150322062
616,178.343949044586,1.8182464682452695,0.5577144638614983
617,178.63346844238563,6.571884245043547,0.9888982205420687
618,178.9229878401853,8.050392802500678,1.6621443759978805
619,179.21250723798494,6.7342365113264115,0.5951461364573953
620,179.5020266357846,4.530219814034505,1.3400799649200807
621,179.79154603358424,7.605224838633105,1.2092725851196697
622,180.0810654313839,4.910295408648692,0.6478122720303588
623,180.37058482918354,2.1958803033614487,0.3225348594442773
624,180.6601042269832,1.543379280800283,0.4677635057458471
625,180.94962362478287,3.6455354520413947,0.9007672836049591
626,181.2391430225825,2.5745420730118127,0.7682048278443844
627,181.52866242038218,7.689318652403908,0.30387666716184836
628,181.8181818181818,7.0507219286623695,0.417385450548085
629,182.10770121598148,2.7089920797491676,0.22509506984829658
630,182.39722061378112,1.9124418984554772,0.43771052293451135
631,182.68674001158078,2.8540833085269615,1.0032357179731402
632,182.97625940938042,4.599631144313689,1.5148821162852966
633,183.26577880718008,2.8714556569256775,1.2050141987471494
634,183.55529820497972,8.361668350071294,0.3786794187421755
635,183.8448176027794,4.358442837611938,0.40097408693189635
636,184.13433700057905,3.152671450704555,1.2671930463268999
637,184.4238563983787,2.842894183914744,0.6780740923622052
638,184.71337579617835,0.9487469918966016,1.5056225118060085
639,185.002895193978,1.642840777492213,1.6319352814175587
640,185.29241459177766,1.7299745383343896,0.7994493554382666
641,185.5819339895773,5.637918993256486,1.0200016230869238
642,185.87145338737696,3.3287477028098174,0.4122458949055727
643,186.1609727851766,2.8638369390556795,1.2941341996311273
644,186.45049218297626,3.0398055213739776,2.0241891624661834
645,186.7400115807759,6.71766758080955,0.6600026480999248
646,187.02953097857556,3.325270913259486,1.7553082836222549
647,187.31905037637523,4.2739793951724145,1.0438679957220458
648,187.60856977417487,4.333749331466529,0.95618937734062
649,187.89808917197453,4.2660480891967945,0.355002594944936
650,188.18760856977417,0.8742227770794794,1.0233244121709086
651,188.47712796757384,3.484185581870565,0.6338773044717897
652,188.76664736537347,2.059232256147294,0.9658432029278448
653,189.05616676317314,4.229191794633049,0.5096696694984363
654,189.34568616097278,1.5722293507046854,1.030401768536444
655,189.63520555877244,5.942897897546617,1.0412621808719373
656,189.92472495657208,3.865960863338905,0.88741064520166
657,190.21424435437174,0.7511877971753501,0.25702975711068354
658,190.5037637521714,4.275368132417915,0.4080520364271391
659,190.79328314997105,2.689796330213028,0.9309884612196893
660,191.0828025477707,1.800471829048484,0.8071775340333571
661,191.37232194557035,5.076440165060724,1.1284127639671557
662,191.66184134337,1.9278213720150839,0.8574692891319371
663,191.95136074116965,2.2844836254046466,0.6796667824195483
664,192.24088013896932,2.156861522764886,0.5019884910136404
665,192.53039953676895,1.1186529658771562,0.9163471725278002
666,192.81991893456862,2.117523125588673,0.8042635867849618
667,193.10943833236826,1.4713157939924775,0.3402502277427329
668,193.39895773016792,0.3045526474675841,0.4239896119205838
669,193.6884771279676,2.5935689435880107,0.852555925485366
670,193.97799652576722,5.036215427145953,0.4884705113436664
671,194.2675159235669,3.5476320618728647,0.4085837641020101
672,194.55703532136653,2.772080855883907,0.5384074823691579
673,194.8465547191662,4.007066212561452,1.176492175975102
674,195.13607411696583,1.8439272853279207,0.8277366851462744
675,195.4255935147655,2.8654613698497045,0.9871525668970288
676,195.71511291256513,0.22993239526144596,0.489326586328516
677,196.0046323103648,1.5307630456593435,0.9640424592919887
678,196.29415170816443,2.1924767268472203,0.6091544005092954
679,196.5836711059641,1.9464730074597734,0.8085191496390453
680,196.87319050376377,4.341779824045778,0.44482328158238404
681,197.1627099015634,1.060908624451626,1.0722460976481367
682,197.45222929936307,2.902748437079675,1.1240716330047702
683,197.7417486971627,2.1125239802184903,0.900940271374038
684,198.03126809496237,4.427219415136967,1.2080615711421396
685,198.320787492762,1.030067959551871,0.5519093298923371
686,198.61030689056167,2.5915453850592916,1.799891047708807
687,198.8998262883613,0.8297898145192407,0.7456528257088961
688,199.18934568616098,4.143470226831396,1.3961901858805559
689,199.4788650839606,2.233950607760632,0.7660768495801761
690,199.76838448176028,3.0948891335222237,0.5994011835507881
691,200.05790387955994,5.13657657925588,0.9037356055719915
692,200.34742327735958,1.4637099117815628,0.49410204737940455
693,200.63694267515925,2.7244131398485347,1.4089221162301473
694,200.92646207295888,3.0336144464010895,1.6697919963740122
695,201.21598147075855,3.1733072799866355,0.4809147983311421
696,201.5055008685582,2.3143277246517235,0.8194855736023419
697,201.79502026635785,1.8368925214148348,1.559500970829268
698,202.0845396641575,4.368982283198333,1.1324985632341886
699,202.37405906195715,2.4518670902025543,2.0020471959897774
700,202.6635784597568,2.03989080472607,0.6460682459470098
701,202.95309785755646,1.9546568193288465,0.5103601998531314
702,203.24261725535612,1.4062925169986984,1.7455225852420844
703,203.53213665315576,3.514681204632952,0.22276109587924733
704,203.82165605095543,2.7980812237966464,1.1743163678680595
705,204.11117544875506,2.8702652656565193,0.3146842772552765
706,204.40069484655473,3.6212355241088443,1.3761023249340452
707,204.69021424435437,2.9953825472132416,0.14168789725016134
708,204.97973364215403,4.19426893031829,0.9890108093697241
709,205.26925303995367,1.108423891739983,0.4726569432396875
710,205.55877243775333,1.3483556135894883,0.23978573797387104
711,205.84829183555297,4.504144207680614,0.9493747793962407
712,206.13781123335264,2.9472895830306785,1.4591783481670502
713,206.4273306311523,4.134430174116252,0.5912804361399692
714,206.71685002895194,3.406350902972146,0.8776013232439057
715,207.0063694267516,3.939154860722062,0.5440491653965253
716,207.29588882455124,0.7408675490979627,0.27126569688166835
717,207.5854082223509,2.2768408391674173,0.3437706634716411
718,207.87492762015054,4.585696312849792,0.8230246978872561
719,208.1644470179502,2.9652460072011793,0.6215051528167002
720,208.45396641574985,5.432882517058543,0.839450822496133
721,208.7434858135495,6.140500628630318,1.70696260866743
722,209.03300521134915,1.8837314325754266,0.4480815823347827
723,209.32252460914881,1.192273048870361,0.40440993173612283
724,209.61204400694848,2.2307645225805115,0.23428630267874176
725,209.90156340474812,1.9967264448603226,0.5431714865859688
726,210.19108280254778,1.587318455299005,0.8110431932977114
727,210.48060220034742,0.9450656322049791,0.7440604809072812
728,210.77012159814709,1.254663522800757,0.6102276430862895
729,211.05964099594672,3.159632600992766,0.8706761198040318
730,211.3491603937464,2.5223334603571606,1.117024630365887
731,211.63867979154602,1.0969981960740678,0.4393249260821662
732,211.9281991893457,2.997834829777126,0.9547695798299994
733,212.21771858714533,5.8068491109511955,0.7199884394937158
734,212.507237984945,5.204795751766309,1.2103811347085405
735,212.79675738274466,3.9809227080931726,2.013975302009009
736,213.0862767805443,2.535563338091555,0.44467356880836234
737,213.37579617834396,2.022446560907381,0.5336968384208101
738,213.6653155761436,4.1502971090168375,0.20508019938086938
739,213.95483497394326,3.2714605772390084,0.9641727027347615
740,214.2443543717429,5.82767766691249,0.9631777510317496
741,214.53387376954257,12.14130074555698,1.1575214838698602
742,214.8233931673422,1.7475200931859098,1.756668174507687
743,215.11291256514187,2.32483017873265,1.861977667140383
744,215.4024319629415,4.091620960527492,1.1341175617035244
745,215.69195136074117,3.7246507671728186,0.17184395619082224
746,215.98147075854084,1.622040098491752,0.4966346963276687
747,216.27099015634047,4.7595780990237255,1.0823319458220753
748,216.56050955414014,2.9608396737157685,0.97663846806769
749,216.85002895193978,1.3445654515983478,2.072398661512415
750,217.13954834973944,1.8243472998800498,0.7277128889959183
751,217.42906774753908,2.369157415352426,0.5131761505695784
752,217.71858714533874,2.011380140012537,0.9394955295349319
753,218.00810654313838,1.1083823104736241,0.5614980300884722
754,218.29762594093805,4.515505721369959,0.38660341703838585
755,218.58714533873768,0.5247672931157426,0.48007609222725384
756,218.87666473653735,2.969797035720118,0.18990673038512992
757,219.16618413433702,4.631261945162241,0.8524543581760227
758,219.45570353213665,1.9948275704204779,1.8113427327496043
759,219.74522292993632,3.201323977137289,1.4927230530235396
760,220.03474232773596,2.5238600390680164,0.7369395288468931
761,220.32426172553562,1.5246344402290792,0.9354954474130245
762,220.61378112333526,3.056381441328756,0.8021637891507596
763,220.90330052113492,2.3439573951841455,0.656573169727767
764,221.19281991893456,3.508276899081562,1.3639766712404928
765,221.48233931673423,4.720435866548202,0.23147230041838648
766,221.77185871453386,4.188005794615089,0.6255627911257587
767,222.06137811233353,2.407155427360924,1.1789198352668628
768,222.35089751013317,4.153320156737353,1.0922423678579876
769,222.64041690793283,2.603071415574785,0.9398829090501304
770,222.9299363057325,4.72705277933597,0.5872157775128586
771,223.21945570353213,8.249168037246577,1.1557374592128529
772,223.5089751013318,3.9331064254842882,1.2218422997775302
773,223.79849449913144,5.718205888355378,2.226901917667985
774,224.0880138969311,1.7562642775212713,1.5629582647696947
775,224.37753329473074,8.132828032127055,0.5013747774874798
776,224.6670526925304,4.028086281755409,0.8302786603697339
777,224.95657209033004,4.3282049136644,0.623823773330934
778,225.2460914881297,2.9671921977438696,1.0432302449293878
779,225.53561088592934,3.7283855900604594,1.4548842643087716
780,225.825130283729,5.223878545916989,0.5952941307400565
781,226.11464968152868,3.926974788917736,0.7780738470945764
782,226.4041690793283,2.502916927360919,1.494563162974211
783,226.69368847712798,5.163101703891323,1.6873253731012021
784,226.98320787492761,2.623164300314191,1.8201362593383037
785,227.27272727272728,1.548159356757437,0.6694657758702645
786,227.56224667052692,2.6249797172048184,1.294464275339131
787,227.85176606832658,3.7264641609857456,0.5722318393582642
788,228.14128546612622,5.525913618562751,0.30252745664320463
789,228.43080486392589,3.454128656176541,1.0491305341944521
790,228.72032426172552,2.2776732961648034,0.6638156552860928
791,229.0098436595252,4.051082261953533,1.7184089861591092
792,229.29936305732485,1.3551367337679185,1.8513888363045192
793,229.5888824551245,4.3115587551391235,1.366328262275509
794,229.87840185292416,4.294406533141794,1.0263832778056414
795,230.1679212507238,5.296082307765933,0.6776766108245306
796,230.45744064852346,5.089269973584132,0.4967406078094537
797,230.7469600463231,1.6823925267068012,1.0953122167826135
798,231.03647944412276,7.048347449187456,1.1851524723813278
799,231.3259988419224,4.516553492574514,1.3696713361852486
800,231.61551823972206,10.593914526056565,1.0669716106525795
801,231.9050376375217,7.429114198516954,1.586466294264757
802,232.19455703532137,6.296857888979385,0.7461974948949277
803,232.48407643312103,4.722025503648936,0.5540263187783063
804,232.77359583092067,3.7880166931711914,0.9278336648298697
805,233.06311522872033,1.6124310777199387,0.6112773276952238
806,233.35263462651997,6.321171793967107,1.3079264278657976
807,233.64215402431964,5.593357249193137,2.234913015364238
808,233.93167342211927,8.780473803423808,1.2484906830227234
809,234.22119281991894,3.2555156905584504,0.7833462324117826
810,234.51071221771858,2.0080464200593835,1.3831675678638369
811,234.80023161551824,4.855911310301751,0.5706264747313082
812,235.08975101331788,5.9589991166513725,1.343724115137207
813,235.37927041111755,5.701159970270307,1.6366629503042078
814,235.6687898089172,5.545950527931561,0.7440946472060694
815,235.95830920671685,2.8704402576133115,1.1850460349785708
816,236.2478286045165,6.307663138208134,1.94121090902506
817,236.53734800231615,1.073108813972745,0.5995654543714845
818,236.82686740011582,2.385189875791222,1.3926614015391612
819,237.11638679791545,8.724295700380958,1.9850457257753311
820,237.40590619571512,1.3972609547072128,1.2226529900931593
821,237.69542559351476,1.140042813607125,0.9316213550036327
822,237.98494499131442,4.476877493745976,0.5483225045992514
823,238.27446438911406,3.212047982771645,0.9817839581073072
824,238.56398378691372,2.0864612031069365,1.3076536345818948
825,238.8535031847134,6.323084966152434,1.023224283436082
826,239.14302258251303,3.9639912127717567,1.9093312157992226
827,239.4325419803127,5.647282116209446,0.4233635552392921
828,239.72206137811233,7.120015854771312,1.4399267557369029
829,240.011580775912,4.532540950847052,1.2849934765370226
830,240.30110017371163,3.8643812827664252,1.5171470330473933
831,240.5906195715113,4.771481782982006,0.666546359065158
832,240.88013896931093,2.7633475234603626,0.8830852352163412
833,241.1696583671106,8.995602750670331,1.7113478042726804
834,241.45917776491024,14.794130744983946,2.793875023852133
835,241.7486971627099,2.900599986654394,0.9497818223439767
836,242.03821656050957,3.3431508059813546,0.8326590854671182
837,242.3277359583092,5.80221673889035,0.5358106761141214
838,242.61725535610887,2.5190652065476313,1.3120463028192517
839,242.9067747539085,4.3328978816769785,1.6983684606191918
840,243.19629415170817,5.702037724157235,2.50580212385515
841,243.4858135495078,3.9928198013785337,0.5214980389127137
842,243.77533294730748,1.134546288561322,1.0984251917707615
843,244.0648523451071,8.528734199683884,3.1831512832673288
844,244.35437174290678,1.5427749308875987,1.4832355622810376
845,244.64389114070642,2.86404571167484,0.2571232136821089
846,244.93341053850608,4.319871148469979,1.9741852787716752
847,245.22292993630575,4.384352072861736,0.40646988358614367
848,245.51244933410538,4.647270744745354,1.6245884064927005
849,245.80196873190505,1.3654559894518348,2.2273452643352263
850,246.0914881297047,6.30337155461153,0.42142808739617227
851,246.38100752750435,1.3220552787674615,0.9578223936845692
852,246.670526925304,2.2416307442527224,0.7415058452264195
853,246.96004632310365,3.152930737469072,0.5083492856040973
854,247.2495657209033,4.1468986154945595,1.3285922261060954
855,247.53908511870296,4.0845351068226305,0.7906727322357625
856,247.8286045165026,4.851105015387422,1.9145305397648165
857,248.11812391430226,3.3198241923908878,1.3043851357362082
858,248.40764331210192,4.288325905596034,0.6303990199928213
859,248.69716270990156,5.491754967366812,1.5842354032105015
860,248.98668210770123,4.669927937818142,1.356278140405649
861,249.27620150550086,4.158121881223031,0.21686382225360093
862,249.56572090330053,4.19141004670148,0.17812345869027146
