seconds, motor speed, angle, accX, accY, accZ
48359,725,-25,0.09317950508493197,0.007805613097242656,0.9786287760814736
48360,725,-25,0.0058542098229319925,-0.09805801346507821,0.9113053753630388
48361,725,-25,-0.010732717814339078,-0.003414955632858875,0.9454549091447569
48362,725,-25,-0.22660671052589676,0.00951309071930252,0.9964352931060838
48363,719,-25,-0.2446571940203684,0.07708042991837996,1.0505866938308877
48364,719,-25,-0.22026465211963722,-0.03902806704116988,0.975701676029247
48365,719,-25,0.01951403352058494,-0.02219721219669141,1.0120465597294406
48367,719,-25,0.20855622703142515,-0.01780655434356848,0.9254530422016712
48368,724,-25,0.2373394190104963,0.0424430222852896,0.8952062753171813
48369,724,-25,0.2373394190104963,0.0424430222852896,0.9025239756891369
48370,724,-25,-0.02317291325073802,0.040735543108273146,1.0776624439519005
48371,724,-25,-0.29905256121503365,0.0031710303693472225,0.9876539929494038
48373,724,-25,-0.20562911453954574,0.02512431691378783,0.9788726927927239
48374,719,-25,-0.17733376842262816,-0.08732529876065233,1.013022226574442
48375,719,-25,0.06829911732204728,0.02683179609080429,0.9437473926487823
48376,719,-25,0.12269448451671253,-0.03195422740202729,0.9378931925443289
48379,727,-25,0.08220286122960295,-0.057810319328871776,1.0054605099740141
48380,727,-25,0.019757958006618292,-0.0043906574643837815,0.963749259591868
48382,727,-25,-0.11440101778253338,0.051468260922612225,0.9622857593243657
48383,724,-25,-0.2527067191639916,0.03463740763309035,0.9686277928513197
48384,724,-25,-0.20440949366433558,-0.008293463624265961,0.9654567760878426
48385,724,-25,-0.07756828200035985,-0.019757958006618292,1.0569288268750636
48386,724,-25,0.13440289716527185,0.01390374857242545,1.0000941432920616
48388,724,-25,0.2444132524298125,-0.10415614894026101,0.9681399594288189
48389,731,-25,0.2370955022992459,-0.0021953287321918907,0.8547146084912871
48390,731,-25,0.02536824295477778,0.003414955632858875,0.9396007090403037
48391,731,-25,-0.18587116430771045,0.010732717814339078,1.0125343931519413
48392,731,-25,-0.37369373694334046,-0.008781314928767563,1.1225447110975237
48393,726,-25,-0.26148804419997707,0.03366170657904374,1.0122904764406908
48394,726,-25,-0.08195893829852618,-0.03195422740202729,0.9008165587103841
48396,726,-25,0.1831879809667342,-0.02878319819889751,0.8705697918258942
48397,726,-25,0.1997749144350925,0.010488792550827426,1.004728759840263
48398,728,-25,0.20514126867739224,0.01780655434356848,1.0657101270317435
48399,728,-25,0.02829534611691761,-0.09757016138309832,1.0493671102746356
48400,728,-25,0.03634488681010681,-0.01707477933051182,0.9471623261235096
48401,728,-25,-0.21197118538545806,-0.018782256952571685,0.9286240589651483
48403,734,-25,-0.20904408533323143,0.003658881285109676,0.9766773428742485
48404,734,-25,-0.2919787029164119,0.03171030447095052,1.0744914271884236
48405,734,-25,-0.0904963279637821,0.0212215111426448,1.0398540599842045
48406,734,-25,0.06829911732204728,-0.003902806548621328,1.001557743076786
48407,734,-25,0.24953570240051462,-0.01683085328952187,0.8825221087460512
48409,735,-25,0.22319175217186385,-0.01683085328952187,0.9678960427175686
48410,735,-25,0.0768365069873032,0.003414955632858875,0.9817997928449506
48411,735,-25,-0.16855245582629547,0.051468260922612225,1.070344743579945
48413,729,-25,-0.24880392738745796,0.041223395190253045,0.9937521097651075
48414,729,-25,-0.23221699391909967,0.014147673058458805,1.0483914434296342
48415,729,-25,-0.06659163814503083,-0.01390374857242545,0.9678960427175686
48416,729,-25,0.05244396508657202,0.001951403274310664,0.973262409399521
48417,729,-25,0.1248898095558825,0.01805048038455843,0.961309992962142
48418,730,-25,0.09610661135698499,0.0051224336436578866,1.0788821270253746
48419,730,-25,0.05073648590955556,-0.027319645062871,0.939844625751554
48420,730,-25,-0.00682991126571775,-0.04488227647536272,1.0335119269400286
48421,730,-25,-0.017562629857535126,-0.03171030447095052,0.9276482926029247
48423,730,-25,-0.1461113222534839,0.08147108621654629,0.997167043239835
48424,732,-25,-0.14928235145661367,0.04878508069154916,1.0018016597880364
48425,732,-25,-0.18635901016986395,0.03975984205422654,1.1037624277106899
48426,732,-25,-0.11415708863163024,0.0021953287321918907,0.9396007090403037
48427,732,-25,0.04537012544742943,0.03512525971507025,1.0386343769107307
48428,727,-25,0.20709267700531184,-0.007805613097242656,0.9091100254445633
48430,727,-25,0.10708325521231402,0.050980411950545514,0.9803361930602262
48431,727,-25,0.048053305678492496,-0.004634582727895434,0.9454549091447569
48432,727,-25,-0.18074872677666107,0.048053305678492496,1.0769306938181493
48433,735,-25,-0.18074872677666107,0.018538330911581736,0.9683838761400693
48434,735,-25,-0.1461113222534839,0.0848860445705792,1.0844924104185774
48435,735,-25,-0.056346769302758455,-0.020245808533641597,0.9105735257120656
48437,735,-25,0.03902806704116988,0.030978526347980675,1.0127783098631917
48438,733,-25,0.05951779850588824,0.0014635524557329981,0.9430156425150311
48439,733,-25,0.06683556107610758,0.03658881285109676,1.1103484774661163
48440,733,-25,0.05390751511268534,-0.02219721219669141,0.9408202925965556
48441,733,-25,0.05317574009962868,0.003658881285109676,1.0108268766559665
48442,733,-25,-0.00682991126571775,-0.02975889925294412,0.8852052920870274
48443,732,-25,-0.04561405148841938,0.08634959459669253,1.0461960935111587
48444,732,-25,-0.23611978569563336,0.01097664307785073,0.9503334424042087
48446,732,-25,-0.23075344389298635,0.0278074971448509,1.071076493713696
48447,732,-25,-0.21099546878184552,0.0058542098229319925,0.9369175256993274
48462,730,-25,-0.02219721219669141,-0.03463740763309035,0.8976455419469072
48463,734,-25,0.09586268842590824,-0.000487850818577666,1.0722960772699481
48464,734,-25,-0.13391505130311832,-0.0475654535965126,0.9110613591345664
48465,734,-25,-0.03146637842996058,0.07000659027923736,0.9871661595269031
48466,734,-25,-0.31710301983019973,0.009025240192279215,0.8847174586645267
48467,734,-25,-0.16050291824301946,0.032198153443017234,1.078638110796902
48468,728,-25,-0.16757675166233568,0.015367300153495363,0.9798483596377254
48469,728,-25,0.24392541900731174,0.000975701637155332,1.1086409609701418
48470,728,-25,0.17123563916727172,-0.041223395190253045,0.7800734576422858
48471,728,-25,0.32393293653826555,0.053419663030705444,0.8752044083740956
48473,728,-25,-0.10879073438933048,-0.0348813336740803,0.9925325262088556
48474,731,-25,-0.0414673181213298,0.02683179609080429,1.1098606440436156
48475,731,-25,-0.39930588727962907,-0.004878508380146235,0.9415520427303067
48476,731,-25,-0.21928893551602466,0.03244207948400719,0.9847268928971772
48477,731,-25,-0.19416463104188958,-0.06951874441708385,0.8961819421621828
48478,727,-25,0.11879168030052609,0.003658881285109676,1.0164371600491695
48479,727,-25,0.21001977705753846,-0.09147202590791552,0.9176474088899929
48481,727,-25,0.3217376114990956,0.02097758510165485,0.9842390594746765
48482,727,-25,0.02853927215790756,-0.0551271422077219,0.9454549091447569
48483,726,-25,0.0031710303693472225,-0.05537106513879866,1.0222913601536228
48484,726,-25,-0.2822216861561194,-0.04000376809521648,0.9881418263719046
48485,726,-25,-0.26417122754095335,0.10513184688439442,0.9447231590110058
48487,726,-25,-0.24734037736134465,-0.03610096076911686,0.9169156587562417
48488,726,-25,-0.08927670086874555,0.0058542098229319925,1.0115586267897176
48489,726,-25,0.17611414754741797,-0.0419551702033097,1.0271698934130744
48490,726,-25,0.26417122754095335,0.0207336590606649,0.9393567923290533
48491,726,-25,0.26417122754095335,-0.027319645062871,0.8249557247879089
48492,726,-25,0.051468260922612225,0.03902806704116988,1.0549773936678386
48493,724,-25,-0.21416651042462803,-0.06195705269596135,1.0052165932627637
48494,724,-25,-0.22026465211963722,0.04561405148841938,1.0291213266202996
48496,724,-25,-0.2373394190104963,0.000487850818577666,0.9581389761986651
48497,724,-25,-0.06146920061398145,0.005366358907169539,0.9564315592199124
48498,725,-25,0.011464494382352333,-0.051956113004592124,0.9132567090530419
48499,725,-25,0.1361103763422883,0.043662649380326164,1.0518063769043615
48500,725,-25,0.10196082390109103,-0.03390563262003369,0.9632614261693672
48501,725,-25,0.048053305678492496,0.0207336590606649,1.0030212433442882
48503,725,-25,0.03707666182316347,-0.07268977362021362,1.0386343769107307
48504,725,-25,0.02610001796783444,0.011952344909375637,0.9715548929035464
48505,725,-25,-0.08732529876065233,0.017318703816545176,0.910817442423316
48506,725,-25,-0.08781314462280584,0.04585797752940933,1.0620512768457657
48507,725,-25,-0.08781314462280584,0.04585797752940933,0.9996063098695608
48508,715,-25,-0.13318327629006166,0.025612167440811136,0.9866783261044023
48509,715,-25,-0.05537106513879866,0.03414955866102364,1.0347316100135024
48511,715,-25,0.15757581819079283,0.0058542098229319925,0.9786287760814736
48512,715,-25,0.24368147741675583,-0.05488321927664514,0.8954501920284317
48513,726,-25,0.14733094312869408,-0.008049538360754309,0.9156959756827677
48514,726,-25,-0.05976172765679137,0.022928988764704665,1.0637586938245185
48515,726,-25,-0.200262760297246,0.053419663030705444,1.0757110107446755
48517,726,-25,-0.24953570240051462,0.02975889925294412,1.032536260095027
48518,727,-25,-0.13659823464409457,-0.000243925409288833,0.8871567252942525
48519,727,-25,-0.010244867287315773,0.008781314928767563,0.9539922925901865
48520,727,-25,-0.006342060738694445,0.00951309071930252,1.0232671265158464
48521,727,-25,0.07464117572830684,0.02512431691378783,1.083028810633853
48522,727,-25,0.05951779850588824,-0.005366358907169539,0.965700692799093
48524,724,-25,0.140501038860281,-0.010488792550827426,1.0554652270903393
48525,724,-25,0.07366547156434704,-0.0278074971448509,0.8805707750560481
48526,724,-25,-0.02853927215790756,0.048541157760472395,0.9586268096211658
48527,724,-25,-0.1653814266231657,0.017318703816545176,1.030096993465301
48528,723,-25,-0.29075909448085446,0.06610378606305092,1.0637586938245185
48530,723,-25,-0.3407637867178743,0.0043906574643837815,0.9264287090466727
48531,723,-25,-0.13342719300131203,0.06122527768290469,1.0413175602517069
48532,723,-25,0.1997749144350925,-0.0207336590606649,1.0588801605650668
48533,723,-25,0.3810114870739071,-0.00561028455942034,0.9610660762508917
48534,723,-25,0.34466660337371346,-0.0058542098229319925,0.7932454078773056
48535,723,-25,0.0848860445705792,0.049029006732539106,1.1059577776291654
48537,723,-25,-0.24514502744286915,0.014147673058458805,1.0864437441085804
48538,718,-25,-0.4239423707709161,0.12732906374595562,1.0469278436449099
48539,718,-25,-0.4424806876878885,-0.01902618143860504,0.8949623586059309
48540,718,-25,-0.11562063865774355,0.03585703472812691,0.9742380762445225
48541,718,-25,0.03268600552499713,-0.03854021495918998,0.9464305759897584
48542,718,-25,0.3088095779753261,0.00682991126571775,1.0342437765910018
48543,726,-25,0.3088095779753261,-0.003658881285109676,0.9942399431876082
48544,726,-25,0.1966038852319627,0.050004707786585716,1.09498112755401
48546,726,-25,-0.02610001796783444,-0.05268788801764878,0.8961819421621828
48547,726,-25,-0.1900178976748,0.03414955866102364,0.9844829761859268
48548,725,-25,-0.1900178976748,0.05488321927664514,0.9235016089944461
48549,725,-25,-0.3558871701601192,0.07049444236121727,1.09498112755401
48550,725,-25,-0.31515163638158566,-0.0024392541900731175,0.9842390594746765
48551,725,-25,0.1431842097616045,0.1192795261626796,1.1054699442066647
48553,725,-25,0.3902806455323933,-0.008049538360754309,0.921550175787221
48554,728,-25,0.4637021879458372,-0.03463740763309035,0.9010604754216346
48555,728,-25,0.11659634282170335,0.018782256952571685,0.8971576090071843
48556,728,-25,-0.18928612266174336,0.04585797752940933,1.202308361675838
48557,728,-25,-0.5227321716887038,-0.000243925409288833,0.9649689426653419
48558,724,-25,-0.330518936535081,0.10196082390109103,1.0088754434487415
48559,724,-25,-0.2058730436904489,-0.015611226194485312,0.9327707425736268
48561,724,-25,0.20831229788052202,0.02219721219669141,1.009851209810965
48562,724,-25,0.21099546878184552,0.0007317762278664991,0.8978894586581575
48563,724,-25,0.3051506780307373,0.014391599099448754,1.1276671610682258
48564,724,-25,0.1146449469334365,-0.05220003593566888,0.972042726326047
48565,724,-25,0.055858917220778556,-0.01707477933051182,1.0315605932500256
48566,724,-25,-0.2624637359242841,-0.05951779850588824,0.8188576079722052
48568,726,-25,-0.17830947258658794,0.03634488681010681,1.0310726603103026
48569,726,-25,-0.42321057087855396,0.031222452388970624,0.9317950757286253
48570,726,-25,-0.13391505130311832,0.047077604624445886,1.1135194942295934
48571,726,-25,-0.0424430222852896,-0.01780655434356848,0.918379159023744
48572,726,-25,0.32978716152202436,0.02756357110386095,1.0213156933086212
48573,727,-25,0.25295066075454753,-0.044150498352392875,0.8208089914208193
48575,727,-25,0.2553899025049679,0.00853738966525591,1.0203400264636198
48576,727,-25,-0.2188011020935239,-0.012928046740900543,0.9471623261235096
48577,727,-25,-0.23953474404966626,0.03927198997224664,1.0837605607676042
48578,721,-25,-0.5156583382693876,-0.03414955866102364,0.9559437257974116
48579,721,-25,-0.0631766797909979,0.020489734574631546,0.9964352931060838
48580,721,-25,-0.05244396508657202,-0.058542100561754816,0.8654473418551921
48581,721,-25,0.27831889437958574,0.01244019621387724,1.0003380600033118
48583,726,-25,0.09317950508493197,-0.030490677375913967,0.9522847760942118
48584,726,-25,0.09317950508493197,-0.010732717814339078,1.070344743579945
48585,726,-25,-0.03829628891820003,-0.1046440010222409,0.9859464764534291
48586,726,-25,0.101229042668208,-0.00951309071930252,0.9305753926551513
48587,726,-25,0.101229042668208,-0.00951309071930252,0.8337370249445888
48589,730,-25,-0.13342719300131203,0.04634582650147604,1.0581484104313157
48590,730,-25,-0.35003297005566597,0.008049538360754309,1.0174129264113931
48591,730,-25,-0.15416085983675992,0.08073931120348964,0.9944838598988587
48592,730,-25,-0.02853927215790756,-0.05537106513879866,0.9456988258560073
48593,732,-25,0.30588245304379397,-0.057810319328871776,0.9678960427175686
48594,732,-25,0.25099925242662796,-0.07927575495754993,0.9261847923354224
48596,732,-25,0.25465812749191125,0.02317291325073802,0.950577359115459
48597,732,-25,-0.08317856539356275,0.01122056911884068,0.9654567760878426
48598,727,-25,-0.18416368513069398,0.05537106513879866,1.0076558598924896
48599,727,-25,-0.4222349040335524,-0.01902618143860504,1.0627830269795169
48600,727,-25,-0.249779619111765,-0.0007317762278664991,1.0220474434423723
48601,727,-25,-0.07659257783640006,-0.03634488681010681,0.8834978751082747
48603,727,-25,0.2012384644612058,0.020245808533641597,0.8644716750101905
48604,730,-25,0.24221792739064252,-0.03146637842996058,0.9978988928908081
48605,730,-25,0.24685251905953837,-0.01000094202380412,1.0742475104771732
48606,730,-25,-0.016099076721508617,-0.056834621384738354,1.043268993458932
48607,730,-25,0.01097664307785073,-0.02634394400882439,0.8815464419010496
48608,737,-25,-0.2927105028087741,0.030734600306990725,0.904475408896362
48610,737,-25,-0.18489546014375063,0.02341683929172797,1.0391222103332314
48611,737,-25,-0.31612732810589267,0.03268600552499713,1.1169344277043207
48612,737,-25,-0.04561405148841938,0.048053305678492496,1.0044848431290125
48613,727,-25,0.07464117572830684,0.017562629857535126,1.0188764266788954
48614,727,-25,0.35369184512094926,-0.07171406945625382,0.9086221920220626
48615,727,-25,0.15245338065974345,0.022685062723714716,0.944235226071283
48616,727,-25,0.15684404317773618,0.0051224336436578866,0.9627735927468664
48618,728,-25,-0.22904595227631713,0.05244396508657202,1.114007327652094
48619,728,-25,-0.2644151442522037,0.02610001796783444,0.991556759846632
48620,728,-25,-0.3183226531450627,0.05268788801764878,1.057172743586314
48621,728,-25,-0.13733000965715123,-0.018782256952571685,0.9500894261757362
48622,728,-25,0.051956113004592124,0.024148615859741224,1.0105829599447163
48623,735,-25,0.26563477756706666,-0.015367300153495363,0.9696034596963212
48624,735,-25,0.24319364399425508,0.0,1.0861998273973301
48626,735,-25,0.19611602693015642,-0.022928988764704665,0.9574072260649139
48627,735,-25,0.19611602693015642,0.01487944962647206,1.0393661270444818
48628,733,-25,-0.1414767430242408,-0.03902806704116988,0.9356978426258534
48629,733,-25,-0.28002636111694945,0.07976360703952984,1.0708325770024458
48630,733,-25,-0.24709643577078874,0.03195422740202729,0.9627735927468664
48631,733,-25,-0.25295066075454753,0.043662649380326164,0.9815558761337002
48633,727,-25,0.08732529876065233,-0.021709361669668106,1.0320484266725263
48634,727,-25,0.16050291824301946,0.02219721219669141,1.0693689772177213
48635,727,-25,0.39930588727962907,-0.02829534611691761,0.878619341848823
48636,727,-25,0.10440007187133776,0.03244207948400719,0.9654567760878426
48637,727,-25,0.0075616878337310045,-0.004634582727895434,0.962529676035616
48639,733,-25,-0.3597899868159584,0.09122810297683875,1.1157148441480689
48640,733,-25,-0.3290553865089677,0.02317291325073802,0.9703353093472944
48642,733,-25,-0.2966132945853078,0.08317856539356275,1.0537578101115868
48643,732,-25,-0.0051224336436578866,-0.06268882770901801,0.9025239756891369
48644,732,-25,0.10903466354023361,0.02658787004981434,1.0118026430181901
48645,732,-25,0.33856846167870425,-0.00853738966525591,0.9488698426194844
48646,732,-25,0.15538048071197008,0.050492559868565615,1.0910783606567818
48647,732,-25,0.14952628060751683,-0.017562629857535126,0.9930203596313564
48648,731,-25,-0.1673328349510853,-0.00682991126571775,1.023023209804596
48649,731,-25,-0.1441599139255643,-0.060493502669848036,0.8530071915125343
48650,731,-25,-0.366132045222218,0.10171689475018789,1.0593680935047896
48651,731,-25,-0.1673328349510853,0.02219721219669141,1.0120465597294406
48653,731,-25,-0.1385496305323614,0.04585797752940933,1.080589544004127
48654,727,-25,0.20318986034947265,-0.0075616878337310045,0.9383810259668297
48655,727,-25,0.20538519782829537,-0.0065859860022060976,1.0222913601536228
48656,727,-25,0.20538519782829537,-0.030246751334924018,0.853982858357536
48657,727,-25,-0.041711244162319756,0.03561310868713696,1.0061923596249873
48658,727,-25,-0.06610378606305092,0.005366358907169539,1.0018016597880364
48660,727,-25,-0.3600339035272088,0.05220003593566888,1.0600998436385407
48661,727,-25,-0.17318703505553856,-0.001951403274310664,0.948625925908234
48662,727,-25,-0.14903842230571054,0.0014635524557329981,1.0137539767081931
48663,727,-25,0.1724552600424819,-0.005366358907169539,0.9239894424169469
48664,727,-25,0.09830194261598135,-0.012928046740900543,0.9830193764012025
48665,727,-25,0.23416840224701926,-0.022685062723714716,0.9761895094517477
48666,727,-25,-0.040491617067283193,-0.030978526347980675,1.0408297268292062
48668,728,-25,0.03366170657904374,0.0021953287321918907,0.9681399594288189
48669,728,-25,-0.1778216267244344,-0.06390845480405458,0.9266726257579232
48670,728,-25,-0.0895206237998223,0.02512431691378783,0.9030119086288597
48671,728,-25,-0.17367489335734485,0.025856093481801085,1.049611026985886
48673,721,-25,-0.07000659027923736,-0.04439442439338282,0.929111892387649
48674,721,-25,-0.07000659027923736,0.03707666182316347,0.9635053428806175
48676,721,-25,0.06659163814503083,-0.04829723171948245,1.0076558598924896
48677,721,-25,0.09244773007187532,0.05171218696360217,0.951796942671711
48678,729,-25,0.01902618143860504,-0.04390657231140292,0.9071585922373382
48679,729,-25,-0.10391222600918425,0.01707477933051182,1.0039970097065118
48680,729,-25,-0.18587116430771045,-0.0212215111426448,0.9425278090925303
48681,729,-25,-0.15342908482370324,0.0956187592750051,1.0847363271298278
48683,731,-25,-0.02317291325073802,-0.03463740763309035,0.9820437095562009
48684,731,-25,0.04829723171948245,0.02244113823768136,0.9242333591281973
48685,731,-25,0.08317856539356275,-0.06000565058786814,0.9142324754152654
48686,731,-25,-0.0012196270950365587,0.060493502669848036,1.0920540275017834
48687,731,-25,-0.0012196270950365587,0.060493502669848036,0.9939960264763579
48689,723,-25,-0.06342060894190105,0.02244113823768136,0.9944838598988587
48690,723,-25,0.04293087125735631,-0.10415614894026101,0.8834978751082747
48691,723,-25,-0.07317762570219352,0.0424430222852896,0.9932642763426067
48692,723,-25,-0.06829911732204728,0.02634394400882439,1.0179007598338938
48693,718,-25,-0.22538707721103382,0.08634959459669253,1.0983961605459593
48694,718,-25,-0.14123281387333766,-0.029271050280877408,0.9598464926946397
48695,718,-25,-0.10586362189745109,0.05390751511268534,1.0559530605128402
48696,718,-25,0.18343191011763732,-0.11366924276947671,0.9635053428806175
48698,726,-25,0.13391505130311832,0.0697626673481606,0.8905716587689799
48699,726,-25,0.2078244520183685,0.000975701637155332,0.9217940924984714
48700,726,-25,-0.11537672194649318,0.02341683929172797,1.139131644565882
48701,726,-25,-0.06756733608916425,-0.007317762570219352,1.009851209810965
48702,726,-25,-0.06756733608916425,0.11440101778253338,1.0422932270967085
48704,721,-25,-0.05732247346671825,-0.0414673181213298,0.9622857593243657
48705,721,-25,-0.0702505194301405,0.03463740763309035,0.9722866430372975
48706,721,-25,0.0031710303693472225,-0.0348813336740803,0.895694108739682
48707,721,-25,-0.0029271049114659962,0.07122621737427393,1.1018110940206869
48708,719,-25,-0.0029271049114659962,0.07122621737427393,1.0669297105879956
48709,719,-25,0.05390751511268534,-0.08000753619043297,0.9449670757222562
48710,719,-25,0.14001318055847473,-0.0687869631842008,0.826907157995134
48712,719,-25,-0.03195422740202729,-0.011952344909375637,1.046440010222409
48714,720,-25,-0.031222452388970624,0.04976078485550896,1.030584826887802
48715,720,-25,-0.27100111936971366,0.05024863382757566,1.0286334931977987
48716,720,-25,-0.2780749776683354,0.0051224336436578866,0.8830099421685519
48717,720,-25,-0.18270013510458066,-0.055858917220778556,1.0513185434818608
48718,719,-25,0.07342154863327027,0.03902806704116988,0.9939960264763579
48719,719,-25,0.3129563113424157,-0.0017074778164294375,0.921550175787221
48720,719,-25,0.2736843027106899,0.0058542098229319925,0.8381276750229287
48721,719,-25,0.2736843027106899,0.0058542098229319925,1.0132661432856924
48722,719,-25,-0.17977302261270126,0.07415332364632694,1.1437662611140833
48723,713,-25,-0.33710491165259093,0.02219721219669141,1.064002610535769
48724,713,-25,-0.21758146877866097,0.0687869631842008,0.9074025089485886
48726,713,-25,-0.08878884878676564,-0.06903089233510394,0.8666670249286661
48727,713,-25,0.049516858814519005,-0.008049538360754309,0.9722866430372975
48728,722,-25,0.19635995608105955,-0.02439254034577458,1.0313166765387751
48729,722,-25,0.12976831793602875,0.041223395190253045,1.0196081768126466
48730,722,-25,0.1390374888341677,-0.07659257783640006,0.9281362255426475
48731,722,-25,0.03805236287721008,-0.02610001796783444,0.9415520427303067
48733,721,-25,-0.1112299885794036,-0.06293275685992115,0.8798389254050749
48734,721,-25,-0.2534384941770483,0.1046440010222409,1.0876634271820544
48735,721,-25,-0.2517310274396846,0.01829440642554838,1.0344876933022522
48736,721,-25,-0.27612356934041576,0.06268882770901801,0.9503334424042087
48737,721,-25,-0.27612356934041576,0.06268882770901801,0.9981428096020585
48738,722,-25,0.2058730436904489,0.05659069223383522,1.0288774099090492
48739,722,-25,0.40345262064671866,-0.032929931565987086,0.8922791752649547
48741,722,-25,0.16269824328218943,0.011464494382352333,0.8898399086352288
48742,722,-25,-0.04585797752940933,-0.02341683929172797,0.9891174932169061
48743,718,-25,-0.3946713204900387,0.11001035526454066,1.0832727273451035
48744,718,-25,-0.3600339035272088,0.006098135086443645,0.9939960264763579
48745,718,-25,-0.2719768359733262,0.07781220493143662,0.9891174932169061
48746,718,-25,-0.004634582727895434,-0.10196082390109103,0.8649595084326913
48748,724,-25,0.11049821356634694,0.058298171410851675,0.99911847644706
48749,724,-25,0.2688057943305437,-0.0007317762278664991,1.0320484266725263
48750,724,-25,0.17343096420644172,0.02366076533271792,1.0152175764929177
48751,724,-25,0.11976737202483313,-0.09439913217996854,0.9130127923417914
48752,724,-25,-0.07464117572830684,0.024148615859741224,1.0532698771718638
48753,723,-25,-0.22904595227631713,-0.02536824295477778,0.8930109253987057
48755,723,-25,-0.37784047031043005,0.10683932606141089,0.9954596262610822
48756,723,-25,-0.31734696142075564,-0.03390563262003369,1.0315605932500256
48757,723,-25,-0.17318703505553856,0.06634770899412769,1.1027867608656883
48758,721,-25,0.1361103763422883,-0.0207336590606649,0.9703353093472944
48759,721,-25,0.38027971206085043,-0.014391599099448754,1.0618072606172935
48760,721,-25,0.3285675282071614,-0.06634770899412769,0.8227604246280444
48762,721,-25,0.09683838637004165,0.052931810948725545,1.0127783098631917
48763,724,-25,-0.21977679381783094,0.003658881285109676,1.0622951935570162
48764,724,-25,-0.37637689540501124,0.09415520924889177,1.0971764774724855
48765,724,-25,-0.3507647450687226,-0.03780843994613332,0.9015483088441353
48766,724,-25,-0.12610943043109268,0.0641523839549577,0.9654567760878426
48768,724,-25,-0.01390374857242545,-0.021465435628678156,0.8827660254573015
48769,725,-25,0.12001130117573627,0.04537012544742943,1.0661979604542444
48770,725,-25,0.14855057644355701,-0.060737425600924794,1.0244867100720982
48771,725,-25,0.10171689475018789,0.02366076533271792,1.0671736272992458
48772,725,-25,0.060493502669848036,-0.07147014652517707,0.8383715917341792
48773,729,-25,-0.016099076721508617,0.03561310868713696,1.021071776597371
48774,729,-25,-0.15733188903988968,-0.01585515223547526,0.9478941757744829
48776,729,-25,-0.2297777272893738,0.0839103404066194,1.0957129772049832
48777,729,-25,-0.3300310782332747,-0.060981354751827935,0.9605782428283909
48778,720,-25,-0.18928612266174336,0.06000565058786814,1.0493671102746356
48779,720,-25,-0.04488227647536272,-0.0419551702033097,0.9313072423061245
48780,720,-25,0.2919787029164119,0.04976078485550896,1.0903466105230306
48781,720,-25,0.29466188625738815,-0.06854304025312405,0.8386155084454295
48783,717,-25,0.1451356180895241,0.032198153443017234,0.9715548929035464
48784,717,-25,-0.1295243887851256,-0.014635525140438704,0.9842390594746765
48785,717,-25,-0.32539648656437886,0.12708513459505247,1.1747447781323244
48786,717,-25,-0.3417395033214868,-0.004878508380146235,0.927892209314175
48787,717,-25,-0.09830194261598135,0.08439819248859931,0.9986306430245593
48788,720,-25,-0.03878414100017993,-0.07903183202647317,0.8400791082301539
48789,720,-25,-0.03878414100017993,-0.07903183202647317,1.071076493713696
48790,720,-25,0.09903371762903801,-0.010732717814339078,0.9888735765056558
48792,720,-25,0.12415803454282584,0.04829723171948245,1.106445611051666
48793,728,-25,0.0687869631842008,-0.07415332364632694,0.8427622915711301
48794,728,-25,0.01122056911884068,0.02902712423988746,0.9969231265285845
48795,728,-25,-0.15025805562057348,-0.02512431691378783,0.9181352423124937
48796,728,-25,-0.1744066683704015,0.08317856539356275,1.1405952443506064
48798,715,-25,-0.38857317879502956,-0.02756357110386095,0.9347221757808519
48799,715,-25,-0.27051328594721286,0.07293369655129038,1.0244867100720982
48800,715,-25,-0.11513279279559004,-0.053419663030705444,0.9515530259604607
48801,715,-25,0.31100490301449607,0.08415426333769617,1.092541860924284
48802,715,-25,0.4010133788962983,-0.00853738966525591,0.7895865576913278
48803,726,-25,0.2480721523744013,-0.03707666182316347,0.94228389238128
48805,726,-25,-0.09610661135698499,-0.03561310868713696,1.0025334099217875
48806,726,-25,-0.3966227039386528,0.14903842230571054,1.180842894948028
48807,726,-25,-0.4410171376617752,0.032929931565987086,0.9274043758916743
48808,722,-25,-0.21831324379171763,0.07512902781028674,0.980824026482727
48809,722,-25,-0.0041467318121329805,-0.08464211541967606,0.871057625248395
48810,722,-25,0.21636183546379803,0.011464494382352333,1.0701007273514724
48812,722,-25,0.2605123275963645,-0.010488792550827426,0.9822876262674514
48813,726,-25,0.19196929356306686,0.050980411950545514,1.0837605607676042
48814,726,-25,0.19196929356306686,-0.07195799860715696,0.8778875917150718
48815,726,-25,-0.07098229444319716,-0.019757958006618292,1.0332680102287781
48816,726,-25,-0.2812459944318124,-0.0278074971448509,0.889352075212728
48817,726,-25,-0.2812459944318124,0.1309879388112389,1.0576605770088148
48819,723,-25,-0.3712544703136146,0.018538330911581736,0.9886296597944054
48820,723,-25,-0.01927010747959499,0.07268977362021362,1.0954690604937327
48821,723,-25,0.26026841088511415,-0.053419663030705444,0.9391127761005809
48822,723,-25,0.42564983750827984,0.03756451390514337,0.9715548929035464
48823,729,-25,0.30271143628031694,-0.003658881285109676,0.8520314251503108
48824,729,-25,-0.009025240192279215,0.030490677375913967,1.1271793276457251
48825,729,-25,-0.3378366866656476,0.03390563262003369,0.9966792098173342
48827,729,-25,-0.49346112140782633,0.1102542844154438,1.0498549436971365
48828,729,-25,-0.3558871701601192,-0.05488321927664514,0.9220380092097218
48829,720,-25,-0.030490677375913967,0.03195422740202729,1.0530259604606134
48830,720,-25,0.18367583926854045,-0.027319645062871,0.9013043921328849
48831,720,-25,0.37881616203473706,0.08415426333769617,0.9676521260063181
48833,720,-25,0.24563288574467543,0.000487850818577666,1.0059483433965148
48834,727,-25,0.10415614894026101,-0.001951403274310664,1.1320578609051768
48836,727,-25,-0.14903842230571054,-0.02634394400882439,0.9132567090530419
48837,727,-25,-0.27100111936971366,0.049516858814519005,0.9881418263719046
48838,723,-25,-0.3395441782823168,0.01951403352058494,0.930331475943901
48839,723,-25,-0.21441042713587843,0.06122527768290469,1.0332680102287781
48840,723,-25,-0.1083028760875242,0.01902618143860504,1.0061923596249873
48841,723,-25,0.12367018868067232,0.10318045099612759,1.1091287943926424
48842,723,-25,0.3380806282562035,-0.0031710303693472225,0.9454549091447569
48843,729,-25,0.29100301119210487,0.023904689818751275,0.9093539421558137
48844,729,-25,0.07634865490532329,-0.03000282529393407,0.820565074709569
48845,729,-25,-0.23441231895826964,0.058786023492831574,1.1388877278546317
48846,729,-25,-0.40833112902686486,0.04341872333933621,1.079857793870376
48848,721,-25,-0.32149369478784523,0.11635242611045298,1.0727839106924488
48849,721,-25,-0.09683838637004165,-0.02000188404760824,0.8793510919825741
48850,721,-25,0.15684404317773618,0.009269165455790868,0.9735063261107715
48851,721,-25,0.25417026919010494,-0.00975701676029247,0.936673608988077
48852,721,-25,0.21270296039851472,0.07244584446931047,1.073027827403699
48853,724,-25,0.025612167440811136,-0.00853738966525591,0.9439913093600326
48854,724,-25,0.025612167440811136,-0.00853738966525591,1.0330240935175277
48856,724,-25,-0.1866029393207671,-0.0631766797909979,0.8895959919239784
48857,724,-25,-0.17587021839651482,0.0687869631842008,0.9649689426653419
48858,726,-25,-0.23441231895826964,0.06220098184686449,0.9859464764534291
48859,726,-25,-0.1309879388112389,0.04658975254246599,1.0944932941315093
48860,726,-25,-0.021709361669668106,-0.01829440642554838,0.9600904094058902
48862,726,-25,0.15562440986287324,0.013171972004412195,1.0388782936219811
48863,727,-25,0.21270296039851472,-0.02244113823768136,0.8830099421685519
48864,727,-25,0.10342437392720434,0.07464117572830684,0.9381371092555794
48865,727,-25,-0.11513279279559004,-0.011708419645863985,0.9676521260063181
48866,727,-25,-0.21953287710658057,0.0895206237998223,1.0593680935047896
48867,727,-25,-0.3178348197225619,0.0026831794535847695,0.9691156262738204
48868,725,-25,-0.10635148019925736,-0.0065859860022060976,1.0352194434360034
48870,725,-25,-0.0041467318121329805,-0.02317291325073802,0.9378931925443289
48871,725,-25,0.16416180574795552,0.06512808189909113,0.9803361930602262
48872,725,-25,0.1658692724853192,-0.02658787004981434,0.9627735927468664
48873,730,-25,0.1183038219987198,0.01780655434356848,1.0410736435404566
48874,730,-25,-0.09903371762903801,-0.060737425600924794,0.9208184256534699
48875,730,-25,-0.04512619940643948,-0.03610096076911686,0.9910689264241312
48877,730,-25,-0.16855245582629547,-0.03707666182316347,0.9161838091052685
48878,737,-25,-0.11562063865774355,0.10854680523842734,0.9939960264763579
48879,737,-25,-0.17708985171137775,0.02975889925294412,0.9425278090925303
48880,737,-25,-0.06854304025312405,0.01707477933051182,1.0191203433901457
48881,737,-25,-0.0070738365292294025,0.007317762570219352,0.9837511265349537
48883,737,-25,0.16196646826913277,-0.003902806548621328,1.0039970097065118
48884,734,-25,0.14903842230571054,-0.0956187592750051,0.8620324083804647
48885,734,-25,0.12196270950365587,0.08220286122960295,0.9254530422016712
48886,734,-25,-0.14294029305035413,0.058298171410851675,0.9432595592262815
48887,734,-25,-0.17074778086546546,-0.0051224336436578866,1.1076652941251401
48888,734,-25,-0.28563664451015236,-0.051468260922612225,1.008631526737491
48890,734,-25,-0.10098511973713123,0.05659069223383522,0.9571633093536636
48891,734,-25,-0.08708136960974919,-0.052931810948725545,0.8398351915189035
48892,734,-25,0.11391317192037985,0.04732153066543584,0.9803361930602262
48893,731,-25,0.08000753619043297,-0.01927010747959499,1.0383904601994802
48894,731,-25,0.20514126867739224,-0.03244207948400719,1.063514777113268
48895,731,-25,0.058786023492831574,-0.10952250940238714,0.864715591721441
48896,731,-25,0.003414955632858875,0.01122056911884068,0.9015483088441353
48898,740,-25,-0.18782256019597726,-0.02634394400882439,0.9566754759311628
48899,740,-25,-0.22563099392228422,0.07854397994449328,1.1230325445200244
48900,740,-25,-0.2849048694970957,0.004634582727895434,0.9681399594288189
48901,740,-25,-0.1385496305323614,0.005366358907169539,0.9286240589651483
48902,740,-25,0.12269448451671253,-0.0748850986593836,0.959358659272139
48903,734,-25,0.22709454394839754,0.02244113823768136,1.0027773266330378
48904,734,-25,0.22709454394839754,-0.041711244162319756,0.8739847253006217
48906,734,-25,0.06293275685992115,0.03927198997224664,0.9993623931583104
48907,734,-25,-0.15489263484981658,-0.04293087125735631,0.9742380762445225
48908,736,-25,-0.22343566888311422,0.04658975254246599,1.0566849101638134
48909,736,-25,-0.22880203556506676,-0.055858917220778556,0.9727745759770203
48910,736,-25,-0.07171406945625382,0.03780843994613332,0.9864343098759298
48911,736,-25,0.01097664307785073,-0.05317574009962868,0.9003287252878834
48913,734,-25,0.15464870569891342,0.01390374857242545,1.0183885932563945
48914,734,-25,0.13220757212610185,-0.07147014652517707,0.9781408431417508
48915,734,-25,0.11732811783476,-0.007317762570219352,0.9918006765578824
48916,734,-25,-0.02488039242775448,-0.10903466354023361,0.9281362255426475
48917,734,-25,-0.01780655434356848,0.02097758510165485,0.9620418426131152
48918,735,-25,-0.19953098528418933,0.00561028455942034,0.9766773428742485
48920,735,-25,-0.2241674438961709,0.04585797752940933,1.028145560258076
48921,735,-25,-0.2556338192162183,-0.03854021495918998,0.9954596262610822
48922,735,-25,-0.08683744667867242,0.01902618143860504,1.0137539767081931
48923,731,-25,0.1958720977792533,-0.06220098184686449,0.9847268928971772
48924,731,-25,0.29734506959836443,0.014635525140438704,0.8959380254509325
48925,731,-25,0.15586833901377636,-0.07439725279723007,0.8810586084785489
48927,731,-25,-0.031222452388970624,0.02463646638676453,1.0403418934067055
48928,738,-25,-0.28392917777278864,-0.019757958006618292,1.0557091438015898
48929,738,-25,-0.28392917777278864,-0.019757958006618292,1.0018016597880364
48930,738,-25,-0.1763580766983211,-0.02829534611691761,0.9964352931060838
48931,738,-25,0.033173854497063844,0.0051224336436578866,0.9164277258165189
48932,738,-25,0.1700160058524088,-0.05707854431581512,0.9581389761986651
48934,737,-25,0.21001977705753846,0.01780655434356848,1.0020455764992866
48935,737,-25,0.09610661135698499,-0.03878414100017993,1.0147297430704167
48936,737,-25,0.02097758510165485,-0.009025240192279215,0.9642371925315908
48937,737,-25,-0.05488321927664514,-0.07122621737427393,1.0037530929952614
48938,735,-25,-0.09464306133087168,0.020245808533641597,0.9144763921265159
48939,735,-25,-0.18928612266174336,0.03146637842996058,0.9622857593243657
48940,735,-25,-0.2073365937165622,0.020245808533641597,1.0120465597294406
48942,735,-25,-0.1148888636446869,0.013415898045402145,1.0642465272470192
48943,730,-25,0.03878414100017993,0.016099076721508617,0.9861903931646795
48944,730,-25,0.24368147741675583,-0.02366076533271792,1.004728759840263
48945,730,-25,0.19050574353695354,0.015123375667462009,0.8369080914666769
48946,730,-25,0.03366170657904374,-0.003902806548621328,0.9966792098173342
48948,730,-25,-0.14025710970937785,0.01805048038455843,1.058392327142566
48949,728,-25,-0.22148426055519463,0.04341872333933621,1.0598559269272902
48950,728,-25,-0.2405104606532788,0.02512431691378783,0.9271604591804239
48951,728,-25,-0.041711244162319756,-0.001951403274310664,1.0169249934716702
48952,728,-25,0.029271050280877408,0.005366358907169539,0.9676521260063181
48953,730,-25,0.13562253048013476,0.003414955632858875,1.049611026985886
48955,730,-25,0.07634865490532329,-0.01268412147738889,0.9276482926029247
48956,730,-25,0.042199096244299655,-0.007805613097242656,1.0386343769107307
48957,730,-25,-0.08512996750165597,-0.0041467318121329805,0.9588708258496382
48958,730,-25,-0.008049538360754309,0.003414955632858875,1.0757110107446755
48959,730,-25,-0.08854492585568888,0.0012196270950365587,0.9393567923290533
48960,730,-25,-0.04878508069154916,0.08561781958363586,0.9803361930602262
48961,730,-25,-0.1314757971130452,-0.01097664307785073,0.9905810930016304
48963,724,-25,-0.09147202590791552,0.0343934815921004,1.0803456272928769
48964,724,-25,-0.09708231552094479,0.03756451390514337,0.9825315429787017
48965,724,-25,0.1183038219987198,0.017318703816545176,1.0983961605459593
48966,724,-25,0.08195893829852618,-0.02610001796783444,0.8103202245267757
48967,724,-25,0.14391599721431392,0.04561405148841938,0.9432595592262815
48968,728,-25,-0.06951874441708385,-0.02951497321195417,0.9905810930016304
48970,728,-25,-0.06195705269596135,0.06903089233510394,1.1147390777858452
48971,728,-25,-0.20075060615939952,0.04658975254246599,1.0593680935047896
48972,728,-25,-0.11269353860551691,0.0692748152661807,0.9888735765056558
48973,724,-25,-0.1046440010222409,-0.02512431691378783,0.8915473256139814
48974,724,-25,0.009269165455790868,0.030734600306990725,1.0108268766559665
48975,724,-25,0.04561405148841938,-0.02195328615570146,0.9832632931124529
48977,724,-25,0.12513373870678565,0.03756451390514337,1.0100951265222153
48978,723,-25,0.029271050280877408,-0.032929931565987086,0.9169156587562417
48979,723,-25,0.043174797298346265,0.0041467318121329805,1.0318045099612758
48980,723,-25,0.043174797298346265,0.020245808533641597,1.004728759840263
48981,723,-25,-0.10708325521231402,0.08098323413456639,0.9893615094453786
48982,723,-25,-0.18611509345861357,-0.047077604624445886,0.9135006257642923
48984,716,-25,-0.20831229788052202,0.050980411950545514,1.025706393145572
48985,716,-25,-0.10049726765515132,0.02707571902188105,1.0259503098568226
48986,716,-25,0.09732623845202155,0.05732247346671825,1.0566849101638134
48987,716,-25,0.15733188903988968,-0.013415898045402145,0.8427622915711301
48988,723,-25,0.18806648934688042,0.001951403274310664,0.94740624283476
48989,723,-25,-0.0631766797909979,-0.01390374857242545,0.9993623931583104
48990,723,-25,-0.1309879388112389,0.0965944634389649,1.088639094027056
48992,723,-25,-0.26124410260942116,0.000487850818577666,0.9361856760483542
48993,719,-25,-0.11244960945461378,0.03878414100017993,1.0220474434423723
48994,719,-25,-0.11147391773030674,-0.03927198997224664,0.8632519919367166
48995,719,-25,0.04927293277352906,0.050492559868565615,1.04717176035616
48996,719,-25,0.02439254034577458,-0.022928988764704665,0.910817442423316
48998,719,-25,0.10415614894026101,0.0041467318121329805,1.0125343931519413
48999,719,-25,0.0,-0.07854397994449328,0.9293558090988994
49000,719,-25,0.11513279279559004,0.02488039242775448,1.0430250767476816
49001,719,-25,-0.08537389043273273,-0.054639290125742,0.8317856414959748
49002,719,-25,-0.0343934815921004,0.051468260922612225,1.0642465272470192
49003,712,-25,-0.3363731366395343,-0.0043906574643837815,0.930331475943901
49005,712,-25,-0.18879826435993707,0.04293087125735631,1.0910783606567818
49006,712,-25,-0.20611697284135203,-0.02366076533271792,0.8781315084263223
49007,712,-25,0.19733566024501936,0.04732153066543584,1.1076652941251401
49008,719,-25,0.19538425191709977,-0.07268977362021362,0.7981239411367573
49009,719,-25,0.30783386137171354,0.0353691857560602,0.9420399756700295
49010,719,-25,-0.05902994642390834,-0.03878414100017993,0.9354539259146031
49011,719,-25,-0.11293746775642005,0.08781314462280584,1.1288867446244777
49013,716,-25,-0.43223583750509526,-0.0343934815921004,0.8913034089027311
49014,716,-25,-0.1551365640007197,0.05390751511268534,1.0713204104249465
49015,716,-25,-0.16074684739392262,-0.058298171410851675,0.8261753581027719
49016,716,-25,0.14903842230571054,0.02658787004981434,1.0191203433901457
49017,716,-25,0.08854492585568888,-0.04634582650147604,0.9003287252878834
49018,722,-25,0.17513844338345816,0.014635525140438704,1.0932737105752572
49019,722,-25,0.17513844338345816,0.014635525140438704,0.9571633093536636
49021,722,-25,0.11610849695954983,0.013171972004412195,1.0530259604606134
49022,722,-25,-0.15025805562057348,-0.0839103404066194,0.7971482245331448
49023,719,-25,-0.10244866976324454,0.06829911732204728,1.0457082600886578
49024,719,-25,-0.3317385449706384,-0.0070738365292294025,0.9978988928908081
49025,719,-25,-0.16855245582629547,0.042686945216366366,1.0688811437952206
49026,719,-25,-0.20172631032335933,-0.02317291325073802,0.8705697918258942
49028,717,-25,0.14806271814175073,0.04097946914926309,1.056440993452563
49029,717,-25,0.16879638497719862,-0.08805707377370899,0.8995968756369103
49030,717,-25,0.35174043679302963,0.03341778053805379,1.0144858263591665
49031,717,-25,0.01707477933051182,-0.05122433488162227,0.831297808073474
49032,717,-25,-0.04780937963750255,0.060737425600924794,1.1008353276584633
49033,711,-25,-0.41101431236784114,-0.0021953287321918907,1.0020455764992866
49035,711,-25,-0.22538707721103382,0.07903183202647317,1.0430250767476816
49036,711,-25,-0.27880675268139204,-0.049029006732539106,0.8137351580015031
49037,711,-25,0.05659069223383522,0.043662649380326164,0.9510651925379598
49038,720,-25,0.051468260922612225,-0.056346769302758455,0.9564315592199124
49039,720,-25,0.26124410260942116,0.008781314928767563,1.1276671610682258
49040,720,-25,0.1295243887851256,-0.0561028463716817,0.9169156587562417
49042,720,-25,0.14928235145661367,-0.01268412147738889,0.9571633093536636
49043,716,-25,-0.14464777222737057,-0.10000941557317143,0.8791071752713238
49044,716,-25,-0.11610849695954983,0.05951779850588824,1.0515624601931113
49045,716,-25,-0.4251620040857791,0.03341778053805379,0.9925325262088556
49046,716,-25,-0.23294876893215632,0.04512619940643948,0.9996063098695608
49048,716,-25,-0.16513749747226256,-0.011708419645863985,0.965700692799093
49049,721,-25,0.2844170360745949,0.03854021495918998,1.056440993452563
49050,721,-25,0.3383245449674539,-0.07439725279723007,0.9000848085766331
49051,721,-25,0.27441607772374654,0.001951403274310664,0.8778875917150718
49052,721,-25,-0.0904963279637821,0.014391599099448754,0.9954596262610822
49053,724,-25,-0.17025993500331194,0.05171218696360217,1.1427904947518597
49054,724,-25,-0.34247127833454344,-0.0012196270950365587,0.9869222428156527
49055,724,-25,-0.13318327629006166,0.06220098184686449,0.8988651255031591
49057,724,-25,-0.1036682968582811,-0.03512525971507025,0.9095978588670641
49058,721,-25,0.08756922169172908,0.02317291325073802,1.003509176284011
49059,721,-25,0.11244960945461378,0.0024392541900731175,1.0688811437952206
49060,721,-25,0.2392908273384159,0.0024392541900731175,1.0654662103204933
49061,721,-25,0.13586644719138516,-0.09708231552094479,0.8952062753171813
49063,726,-25,0.1112299885794036,-0.03171030447095052,0.8959380254509325
49064,726,-25,-0.19099358939910704,0.0058542098229319925,1.0025334099217875
49065,726,-25,-0.20880014374267553,0.06293275685992115,1.0603437603497912
49066,726,-25,-0.4146731874331244,0.06659163814503083,1.0491231935633853
49067,726,-25,-0.4146731874331244,0.06659163814503083,0.9708231427697952
49068,724,-25,0.03268600552499713,0.009025240192279215,1.0354633601472536
49070,724,-25,0.4276012209568939,-0.019757958006618292,0.9405763758853052
49071,724,-25,0.30832171967351985,0.0024392541900731175,0.939844625751554
49072,724,-25,0.20221416862516559,-0.013171972004412195,0.9178913256012432
49073,721,-25,-0.24124223566633549,0.02707571902188105,1.0915661940792827
49074,721,-25,-0.32564042815493477,0.02341683929172797,1.040097976695455
49075,721,-25,-0.40857507061742077,0.05171218696360217,1.023023209804596
49076,721,-25,-0.15879543906600302,0.0051224336436578866,0.91203712549679
49078,722,-25,0.049029006732539106,-0.0021953287321918907,0.9866783261044023
49079,722,-25,0.30246751956906653,-0.01390374857242545,0.9437473926487823
49080,722,-25,0.22514316049978345,0.0031710303693472225,1.0740035937659227
49081,722,-25,0.26002449417386375,-0.02366076533271792,0.9976548766623357
49082,722,-25,-0.010244867287315773,0.0353691857560602,1.056440993452563
49083,734,-25,-0.0697626673481606,0.0024392541900731175,0.8571538751210129
49085,734,-25,-0.33344603658730765,0.060493502669848036,1.0213156933086212
49086,734,-25,-0.3475937034259401,0.008293463624265961,1.0081436933149903
49087,734,-25,-0.3797918537590441,0.11001035526454066,1.0674175440104963
49088,722,-25,-0.02000188404760824,0.032198153443017234,0.953016526227963
49089,722,-25,0.2622198192130337,-0.0017074778164294375,1.04717176035616
49090,722,-25,0.5339527384751096,-0.06537201104999427,0.9222819259209721
49092,722,-25,0.24148615237758586,0.03610096076911686,0.956187642508662
49093,730,-25,0.09269165300295208,0.05488321927664514,0.9508212758267095
49094,730,-25,-0.3917441955585066,0.12245055536580939,1.0971764774724855
49095,730,-25,-0.41272180398451036,0.01585515223547526,1.02058394317487
49096,730,-25,-0.42443020419341687,0.05488321927664514,1.1196176110452971
49097,730,-25,-0.11366924276947671,-0.02244113823768136,0.8939865922437074
49099,733,-25,0.22538707721103382,0.0475654535965126,0.9435034759375318
49100,733,-25,0.40150121231879904,0.01683085328952187,0.898133375369408
49101,733,-25,0.29612543628350146,0.02975889925294412,1.1103484774661163
49102,733,-25,0.08269071331158286,-0.04488227647536272,1.0374147933544788
49103,733,-25,-0.16245432657093906,0.012928046740900543,1.0652222936092428
49104,733,-25,-0.31198059473880313,-0.01585515223547526,0.7969043078218945
49105,733,-25,-0.3607656785402655,0.06903089233510394,0.995947459683583
49107,733,-25,-0.28758805283807193,0.003902806548621328,1.0383904601994802
49108,730,-25,-0.054639290125742,0.09195987798989542,1.1893802783934577
49109,730,-25,0.2644151442522037,0.02219721219669141,0.9735063261107715
49110,730,-25,0.34856942002955266,-0.010244867287315773,0.9164277258165189
49111,730,-25,0.22319175217186385,-0.01268412147738889,0.7683650574333792
49113,730,-25,-0.07098229444319716,0.03390563262003369,1.0962008106274839
49114,732,-25,-0.27587962774985986,0.01122056911884068,1.0581484104313157
49115,732,-25,-0.3895488705193366,0.14269636389945098,1.042537243325181
49116,732,-25,-0.3895488705193366,-0.008049538360754309,0.9283801422538979
49117,732,-25,-0.016586927248531922,0.0026831794535847695,0.9964352931060838
49118,726,-25,0.1497701973187672,-0.006098135086443645,0.9059390086810863
49120,726,-25,0.18953003937299373,0.03780843994613332,1.0796138771591257
49121,726,-25,0.17123563916727172,0.0024392541900731175,0.9822876262674514
49122,726,-25,0.05122433488162227,0.01000094202380412,1.0354633601472536
49123,729,-25,-0.10537577603529756,-0.07390940071525018,0.8820342753235504
49124,729,-25,-0.12781690960810915,0.015367300153495363,0.9849708096084276
49125,729,-25,-0.23270485222090595,0.03512525971507025,0.9471623261235096
49126,729,-25,-0.13586644719138516,0.09805801346507821,1.0693689772177213
49128,724,-25,-0.15928329736780927,-0.01122056911884068,0.9210623423647203
49129,724,-25,-0.00561028455942034,0.02805142318584085,1.102542844154438
49130,724,-25,0.07464117572830684,-0.009269165455790868,0.9244772758394477
49131,724,-25,0.21367865212282178,0.030490677375913967,0.9974109599510853
49132,724,-25,0.07659257783640006,-0.00975701676029247,0.8564221249872618
49133,733,-25,0.02634394400882439,0.05366359218160858,1.0283894769693265
49135,733,-25,-0.2331926856434067,-0.02097758510165485,0.9527726095167125
49136,733,-25,-0.2551459857937175,0.09147202590791552,1.0688811437952206
49137,733,-25,-0.21392259371337766,-0.003414955632858875,0.9635053428806175
49138,728,-25,-0.04976078485550896,0.03683273578217352,1.0227791935761235
49139,728,-25,0.07976360703952984,-0.03683273578217352,0.8686183586186691
49140,728,-25,0.12171878035275273,0.060981354751827935,1.0279016435468256
49141,728,-25,0.09610661135698499,-0.029271050280877408,0.9496015927532355
49143,728,-25,0.0414673181213298,0.03610096076911686,1.0647344601867421
49144,728,-25,-0.02902712423988746,-0.08464211541967606,0.8988651255031591
49145,728,-25,-0.09903371762903801,0.01585515223547526,0.9466744927010089
49146,728,-25,-0.1285486846211658,0.0278074971448509,0.9381371092555794
49147,728,-25,-0.1285486846211658,0.0278074971448509,1.1281549944907265
49149,727,-25,-0.14489168893862095,-0.02658787004981434,0.9537483758789361
49150,727,-25,-0.11586456780864669,0.0631766797909979,1.0339997603625293
49151,727,-25,0.07317762570219352,-0.02219721219669141,0.9413081260190563
49152,727,-25,0.1102542844154438,0.05756639639779502,1.0200961097523693
49153,727,-25,0.19514032276619664,-0.04683367858345594,0.8886202255617548
49154,727,-25,-0.0058542098229319925,0.04537012544742943,1.0105829599447163
49156,727,-25,-0.06585986313197417,0.012928046740900543,0.963749259591868
49157,727,-25,-0.27319646928818914,0.11879168030052609,1.1432784276915826
49158,726,-25,-0.1295243887851256,-0.03171030447095052,0.9730184926882707
49159,726,-25,-0.12806083875901228,0.049516858814519005,0.991556759846632
49160,726,-25,0.060981354751827935,-0.04024769102629325,0.9047193256076124
49161,726,-25,0.049516858814519005,0.053419663030705444,1.0674175440104963
49163,726,-25,0.14733094312869408,-0.03146637842996058,0.9478941757744829
49164,724,-25,-0.004878508380146235,0.060249573518944895,1.0322923433837767
49165,724,-25,0.05659069223383522,-0.05707854431581512,0.9139884591867931
49166,724,-25,-0.10244866976324454,0.03975984205422654,1.0152175764929177
49167,724,-25,-0.06829911732204728,0.006342060738694445,0.9325268258623765
49168,720,-25,-0.2553899025049679,0.0848860445705792,1.1008353276584633
49170,720,-25,-0.15220945150884033,-0.03707666182316347,0.9459427425672577
49171,720,-25,-0.16464965161010903,0.07171406945625382,1.075467094033425
49172,720,-25,0.16269824328218943,-0.005366358907169539,0.9952157095498319
49173,729,-25,0.12610943043109268,0.010244867287315773,0.9832632931124529
49174,729,-25,0.26270767751484003,-0.029271050280877408,0.830078174758611
49175,729,-25,-0.10610755104835422,0.001951403274310664,1.0405858101179557
49176,729,-25,-0.032929931565987086,-0.0041467318121329805,1.016193243337919
49178,729,-25,-0.33539744491522727,0.06122527768290469,1.0944932941315093
49179,724,-25,-0.08366641747554265,0.0031710303693472225,0.9115492920742893
49180,724,-25,-0.1202552303266394,-0.03854021495918998,0.9727745759770203
49181,724,-25,0.0956187592750051,-0.005366358907169539,0.925940875624172
49182,724,-25,0.07415332364632694,-0.03390563262003369,1.034975526724753
49183,723,-25,0.1902618143860504,0.013415898045402145,0.9535044591676857
49185,723,-25,0.03366170657904374,-0.06756733608916425,0.9527726095167125
49186,723,-25,0.04439442439338282,-0.03195422740202729,0.9742380762445225
49187,723,-25,-0.0839103404066194,-0.050980411950545514,1.0100951265222153
49188,722,-25,-0.12147485120184959,0.08098323413456639,0.9620418426131152
49189,722,-25,-0.2224599771588072,-0.00682991126571775,0.9483820091969836
49190,722,-25,-0.265878694278317,0.058298171410851675,1.0013138263655355
49191,722,-25,-0.09317950508493197,0.011952344909375637,1.0298530767540508
49193,722,-25,0.1239141053919227,0.02829534611691761,1.073515760343422
49194,722,-25,0.23172913561729339,-0.07708042991837996,0.830078174758611
49195,722,-25,0.2502674774135713,0.06781126524006738,0.8498361747490574
49196,722,-25,-0.010488792550827426,-0.02829534611691761,1.0198520935238968
49197,722,-25,-0.1390374888341677,0.05951779850588824,1.1162026775705696
49198,714,-25,-0.3839385871261337,0.03902806704116988,0.9200866755197188
49200,714,-25,-0.2444132524298125,0.07903183202647317,1.0442446603039335
49201,714,-25,-0.04097946914926309,-0.10879073438933048,0.9669202763553449
49202,714,-25,0.11610849695954983,0.029271050280877408,0.963749259591868
49203,720,-25,0.160990764105173,-0.049516858814519005,0.9042314921851116
49204,720,-25,0.09439913217996854,0.13001224708693188,1.1171783444155712
49205,720,-25,0.0024392541900731175,-0.02683179609080429,0.9754577593179965
49207,720,-25,-0.08025145912150973,-0.03585703472812691,0.9725305597485479
49208,717,-25,-0.0419551702033097,-0.09439913217996854,0.8913034089027311
49209,717,-25,-0.16343001829524612,0.13415898045402144,1.0957129772049832
49210,717,-25,-0.08830099670478575,-0.01902618143860504,0.972042726326047
49211,717,-25,-0.1978235061071729,0.07147014652517707,1.08985877710053
49212,717,-25,-0.03561310868713696,-0.05171218696360217,0.9681399594288189
49214,715,-25,-0.05537106513879866,0.050980411950545514,1.0844924104185774
49215,715,-25,0.20148239361210893,-0.02707571902188105,0.9578950594874146
49216,715,-25,0.1329393471391585,0.05976172765679137,0.9576511427761643
49217,715,-25,0.08561781958363586,-0.048053305678492496,0.7993435744516203
49218,717,-25,-0.20538519782829537,0.018782256952571685,1.120837294118771
49220,717,-25,-0.20221416862516559,0.06610378606305092,1.0644904439582696
49221,717,-25,-0.20660481870350555,0.08830099670478575,1.071564327136197
49222,717,-25,0.011952344909375637,-0.027319645062871,0.8154426247388669
49223,723,-25,0.06000565058786814,-0.039515916013236584,0.9159398923940182
49224,723,-25,0.1036682968582811,-0.0024392541900731175,1.009851209810965
49225,723,-25,0.018538330911581736,0.009269165455790868,1.1508400447747886
49226,723,-25,0.03463740763309035,0.0017074778164294375,0.9217940924984714
49228,723,-25,0.013171972004412195,-0.06000565058786814,0.9364296922768267
49229,727,-25,0.000487850818577666,-0.049516858814519005,0.8554464581422603
49230,727,-25,-0.10025334472407457,0.01805048038455843,0.9922886094976052
49231,727,-25,-0.14098888472243454,0.09683838637004165,1.0569288268750636
49232,727,-25,-0.15879543906600302,-0.0024392541900731175,1.0174129264113931
49233,715,-25,-0.1258655137198423,0.04000376809521648,0.930331475943901
49235,715,-25,0.12610943043109268,-0.06244490477794125,1.0020455764992866
49236,715,-25,0.14928235145661367,0.051956113004592124,0.9617979259018649
49237,715,-25,0.2770992610647228,-0.03512525971507025,0.8588613916169877
49238,722,-25,-0.042199096244299655,-0.0014635524557329981,0.9471623261235096
49239,722,-25,-0.1065954093501605,-0.003658881285109676,1.0637586938245185
49240,722,-25,-0.33612921992828393,0.09244773007187532,1.0493671102746356
49241,722,-25,-0.15660011402683302,-0.042199096244299655,0.9539922925901865
49243,724,-25,-0.13074402209998853,0.0419551702033097,0.9003287252878834
49244,724,-25,0.0414673181213298,-0.058542100561754816,0.918379159023744
49245,724,-25,0.04561405148841938,0.056346769302758455,1.0852241605523285
49246,724,-25,0.16269824328218943,-0.03732058786415342,0.9747259096670233
49247,724,-25,0.08756922169172908,-0.01122056911884068,1.0003380600033118
49248,730,-25,0.10098511973713123,-0.12245055536580939,0.8864249751605013
49250,730,-25,-0.07268977362021362,0.04829723171948245,0.9635053428806175
49251,730,-25,-0.17318703505553856,0.05902994642390834,1.0222913601536228
49252,730,-25,-0.28148991114306277,0.09610661135698499,1.0303409101765515
49253,714,-25,-0.28148991114306277,-0.05951779850588824,0.9208184256534699
49254,714,-25,-0.13879355968326454,0.056834621384738354,1.0061923596249873
49255,714,-25,0.1563561848759299,-0.03414955866102364,0.9893615094453786
49256,714,-25,0.3085656363847702,0.02634394400882439,1.0164371600491695
49258,724,-25,0.2370955022992459,-0.06512808189909113,0.7247023738440079
49259,724,-25,0.06390845480405458,0.01902618143860504,1.065954043742994
49260,724,-25,-0.20806836872961887,0.01829440642554838,1.0654662103204933
49261,724,-25,-0.3105170447126898,0.11391317192037985,1.0708325770024458
49262,724,-25,-0.321981528210346,-0.05537106513879866,0.8249557247879089
49264,726,-25,-0.09854586554705812,0.0419551702033097,0.9759455927404973
49265,726,-25,-0.08269071331158286,-0.048541157760472395,0.9069146755260878
49266,726,-25,0.1461113222534839,0.0419551702033097,1.1410830777731071
49267,726,-25,0.1451356180895241,-0.04488227647536272,0.9659446095103434
49268,730,-25,0.19757957695626974,0.01000094202380412,1.0003380600033118
49270,730,-25,0.06390845480405458,-0.08854492585568888,0.7981239411367573
49271,730,-25,-0.010488792550827426,0.07781220493143662,1.0869315775310813
49272,730,-25,-0.2312412773154871,-0.000487850818577666,0.9715548929035464
49273,716,-25,-0.3075899446604632,0.07390940071525018,1.0547334769565881
49274,716,-25,-0.42979657087536943,-0.08000753619043297,0.845201558200856
49275,716,-25,-0.1946524769040431,0.10244866976324454,1.1062016943404158
49276,716,-25,0.1470870264174437,-0.03463740763309035,0.9913128431353816
49278,716,-25,0.4666292879980638,0.0212215111426448,0.9617979259018649
49279,728,-25,0.2900273194677978,-0.11732811783476,0.7222631569728931
49280,728,-25,0.1148888636446869,0.0702505194301405,1.1364484612249057
49281,728,-25,-0.2817338527336187,0.04390657231140292,1.0598559269272902
49282,728,-25,-0.3971105622404591,0.11366924276947671,1.0337558436512788
49283,719,-25,-0.4239423707709161,-0.03195422740202729,0.8112958913717773
49285,719,-25,-0.1112299885794036,0.07756828200035985,1.0174129264113931
49286,719,-25,0.0278074971448509,-0.0697626673481606,0.9471623261235096
49287,719,-25,0.29734506959836443,0.03390563262003369,1.08985877710053
49288,727,-25,0.213190818700321,-0.04439442439338282,0.8910594921914807
49289,727,-25,0.19538425191709977,-0.004878508380146235,1.0649783768979924
49290,727,-25,-0.01707477933051182,-0.07927575495754993,0.8717893753821462
49291,727,-25,-0.11049821356634694,0.08732529876065233,1.0440007435926832
49292,727,-25,-0.11049821356634694,0.08732529876065233,0.8391034413851524
49294,722,-25,-0.39076850383419953,0.04585797752940933,1.0954690604937327
49295,722,-25,-0.3688152285631942,-0.02756357110386095,0.9774090930079996
49296,722,-25,0.02512431691378783,0.11903559701177648,1.1318139441939263
49297,722,-25,0.4666292879980638,-0.01683085328952187,0.8864249751605013
49298,733,-25,0.5188293550328645,0.029271050280877408,0.8739847253006217
49300,733,-25,0.24904784409870834,-0.08586174251471262,0.8395912748076532
49301,733,-25,-0.1470870264174437,0.02097758510165485,1.2301158619306023
49302,733,-25,-0.5505396719434679,0.06805518817114414,0.9922886094976052
49303,725,-25,-0.45809190455263427,0.11074213027759731,1.0296091600428003
49304,725,-25,-0.2624637359242841,-0.05122433488162227,0.8974016252356568
49305,725,-25,0.10391222600918425,0.03366170657904374,1.0137539767081931
49306,725,-25,0.27441607772374654,-0.06659163814503083,0.8810586084785489
49308,726,-25,0.33393389488911396,0.06488415896801437,1.1030306775769387
49309,726,-25,0.1763580766983211,-0.03829628891820003,0.9356978426258534
49310,726,-25,0.05244396508657202,-0.0353691857560602,1.036926959931978
49311,726,-25,-0.19489640605494624,-0.09903371762903801,0.8813025251897992
49312,726,-25,-0.2619758776224778,0.09708231552094479,1.008631526737491
49313,730,-25,-0.4097946790529782,0.0348813336740803,0.9493576760419852
49315,730,-25,-0.23953474404966626,0.04341872333933621,1.0864437441085804
49316,730,-25,-0.010244867287315773,0.02317291325073802,1.003509176284011
49317,730,-25,0.31637124481714307,0.02634394400882439,1.0413175602517069
49318,729,-25,0.34686192841288344,-0.06342060894190105,0.8171501412348415
49319,729,-25,0.28002636111694945,0.06195705269596135,0.9910689264241312
49320,729,-25,-0.11562063865774355,0.0136598225314355,0.9800922763489759
49322,729,-25,-0.31856659473561855,0.0697626673481606,1.0825409772113523
49323,723,-25,-0.48736295483351166,0.009025240192279215,0.972042726326047
49324,723,-25,-0.24636466075773208,0.0212215111426448,1.0457082600886578
49325,723,-25,-0.016586927248531922,-0.0551271422077219,0.921550175787221
49326,723,-25,0.27856281109083614,0.043174797298346265,0.951796942671711
49327,723,-25,0.2780749776683354,-0.01219627017288729,0.9186230757349944
49329,723,-25,0.1785534017374911,0.042199096244299655,1.055221310379089
49330,723,-25,-0.09464306133087168,-0.04024769102629325,1.0027773266330378
49331,723,-25,-0.090984180045762,0.00682991126571775,1.0491231935633853
49332,723,-25,-0.2751478527368032,-0.003902806548621328,0.8537389416462855
49333,730,-25,-0.12171878035275273,0.057810319328871776,1.0139978934194436
49335,730,-25,-0.16269824328218943,0.009269165455790868,0.9742380762445225
49336,730,-25,-0.02975889925294412,0.02707571902188105,1.070344743579945
49337,730,-25,-0.04097946914926309,-0.015367300153495363,0.9920445932691327
49338,724,-25,0.21563006045074137,0.041711244162319756,1.0430250767476816
49339,724,-25,0.14952628060751683,-0.02829534611691761,0.8591053083282381
49340,724,-25,0.14684309726654055,0.006342060738694445,0.915208142260267
49341,724,-25,-0.2078244520183685,-0.0075616878337310045,0.9317950757286253
49343,724,-25,-0.16806460996414196,0.07000659027923736,1.1676708949543972
49344,727,-25,-0.3141759197779731,0.0707383715121204,1.0213156933086212
49345,727,-25,-0.056346769302758455,0.030490677375913967,0.9122810422080404
49346,727,-25,0.0353691857560602,-0.08903277171784241,0.8415427080148782
49347,727,-25,0.1700160058524088,0.024148615859741224,1.0430250767476816
49348,724,-25,0.1700160058524088,0.013415898045402145,0.9766773428742485
49349,724,-25,0.05073648590955556,0.016343002762498567,0.9844829761859268
49351,724,-25,-0.058298171410851675,-0.07903183202647317,0.9271604591804239
49352,724,-25,-0.013415898045402145,-0.010732717814339078,0.9708231427697952
49353,733,-25,-0.13123186796214206,-0.02610001796783444,0.8905716587689799
49354,733,-25,-0.13342719300131203,0.11269353860551691,1.0454643433774076
49355,733,-25,-0.2097758603462881,0.04585797752940933,1.0220474434423723
49356,733,-25,-0.15660011402683302,-0.015611226194485312,0.9932642763426067
49358,727,-25,0.05927387557481147,-0.07756828200035985,0.9488698426194844
49359,727,-25,0.16391787659705237,0.03585703472812691,0.9742380762445225
49360,727,-25,0.17416273921949837,-0.010732717814339078,0.8556903748535106
49361,727,-25,0.06390845480405458,0.0031710303693472225,0.9766773428742485
49362,727,-25,-0.0965944634389649,-0.000487850818577666,1.0191203433901457
49363,723,-25,-0.23172913561729339,0.08171500914762306,1.0393661270444818
49365,723,-25,-0.2644151442522037,-0.07317762570219352,0.9095978588670641
49366,723,-25,-0.12171878035275273,0.010244867287315773,1.0122904764406908
49367,723,-25,-0.03732058786415342,-0.03512525971507025,0.9483820091969836
49368,728,-25,0.16806460996414196,0.02488039242775448,0.9918006765578824
49369,728,-25,0.14733094312869408,-0.06220098184686449,0.9539922925901865
49370,728,-25,0.16050291824301946,-0.025856093481801085,0.97765300971925
49371,728,-25,-0.02707571902188105,-0.11171783444155711,0.9169156587562417
49373,736,-25,0.0012196270950365587,-0.010732717814339078,0.9876539929494038
49374,736,-25,-0.20416556451343243,0.0021953287321918907,0.9803361930602262
49375,736,-25,-0.2334366272339626,0.08171500914762306,0.9617979259018649
49376,736,-25,-0.28929554445474115,-0.043174797298346265,0.9766773428742485
49377,736,-25,-0.06683556107610758,0.008293463624265961,1.047659593778661
49378,726,-25,0.12464588040497937,-0.0419551702033097,1.008631526737491
49380,726,-25,0.35735072018623254,-0.054639290125742,0.9381371092555794
49381,726,-25,0.22660671052589676,-0.058786023492831574,0.8227604246280444
49382,726,-25,0.08269071331158286,0.060493502669848036,0.9832632931124529
49383,734,-25,-0.26514691926526035,-0.039515916013236584,1.0620512768457657
49384,734,-25,-0.33881240326926015,0.033173854497063844,1.0586362438538164
49385,734,-25,-0.3585703535010955,-0.01487944962647206,0.9617979259018649
49387,734,-25,-0.02829534611691761,-0.0058542098229319925,0.9142324754152654
49388,735,-25,0.09025239881287896,-0.07878790909539642,0.9186230757349944
49389,735,-25,0.31490769479102976,0.06903089233510394,1.0052165932627637
49390,735,-25,0.15074590148272698,-0.04878508069154916,1.0344876933022522
49391,735,-25,0.15684404317773618,-0.058786023492831574,0.9796044429264751
49393,735,-25,-0.07366547156434704,-0.07415332364632694,0.975701676029247
49394,733,-25,-0.15440478898766305,0.03000282529393407,0.9347221757808519
49395,733,-25,-0.3073460279492128,-0.022928988764704665,0.9754577593179965
49396,733,-25,-0.2407543773645292,0.02853927215790756,1.0549773936678386
49397,733,-25,-0.15123375978453327,-0.016343002762498567,1.0291213266202996
49398,727,-25,0.0895206237998223,-0.011708419645863985,0.9313072423061245
49400,727,-25,0.2575852275441379,-0.03927198997224664,0.9522847760942118
49401,727,-25,0.26661046929137366,0.02805142318584085,0.9230137755719454
49402,727,-25,0.08415426333769617,-0.032198153443017234,0.9903371762903801
49403,732,-25,-0.12220662621490624,0.02488039242775448,1.0113147100784674
49404,732,-25,-0.31198059473880313,0.01683085328952187,1.0288774099090492
49405,732,-25,-0.2619758776224778,0.040491617067283193,1.0027773266330378
49406,732,-25,-0.10708325521231402,-0.0070738365292294025,1.0020455764992866
49408,732,-25,0.11610849695954983,0.000975701637155332,0.9256969589129216
49409,733,-25,0.19196929356306686,-0.0551271422077219,0.9822876262674514
49410,733,-25,0.1536730139746064,0.006342060738694445,0.9610660762508917
49411,733,-25,0.01219627017288729,-0.01585515223547526,1.0505866938308877
49412,733,-25,-0.05707854431581512,-0.02488039242775448,1.0010699096542852
49413,732,-25,-0.08805707377370899,-0.040735543108273146,1.004240926417762
49415,732,-25,-0.10708325521231402,0.02975889925294412,0.8732529751668705
49416,732,-25,-0.15855150991509986,0.04512619940643948,1.0174129264113931
49417,732,-25,-0.12708513459505247,0.003414955632858875,1.0603437603497912
49418,728,-25,-0.055858917220778556,0.024148615859741224,1.105713860917915
49419,728,-25,0.060493502669848036,-0.006342060738694445,0.9083781757935901
49420,728,-25,0.16879638497719862,-0.003414955632858875,1.0008259929430348
49421,728,-25,0.09366735716691188,0.018782256952571685,0.8715454586708957
49423,731,-25,-0.017318703816545176,0.015367300153495363,1.0566849101638134
49424,731,-25,-0.12245055536580939,0.007317762570219352,0.9578950594874146
49425,731,-25,-0.21148332708365178,0.050004707786585716,1.0242427933608478
49426,731,-25,-0.13391505130311832,0.010244867287315773,0.9769212595854988
49427,731,-25,-0.00975701676029247,0.02463646638676453,1.075955026973148
49429,734,-25,0.06439630688603447,0.016343002762498567,0.9159398923940182
49430,734,-25,0.10220474683216779,0.02805142318584085,1.054001726822837
49431,734,-25,0.0551271422077219,-0.006098135086443645,0.9327707425736268
49432,734,-25,-0.022928988764704665,0.01268412147738889,1.0796138771591257
49433,735,-25,0.03756451390514337,-0.053419663030705444,0.9396007090403037
49434,735,-25,-0.016586927248531922,0.014391599099448754,1.028145560258076
49435,735,-25,-0.051956113004592124,0.04878508069154916,0.8910594921914807
49437,735,-25,-0.15903936821690615,0.06390845480405458,1.1020550107319371
49438,727,-25,-0.1992870561332862,-0.02951497321195417,0.9842390594746765
49439,727,-25,-0.10683932606141089,0.058786023492831574,1.098152144317487
49440,727,-25,0.0075616878337310045,-0.011708419645863985,0.8983772920806583
49441,727,-25,0.16660105993802862,0.04024769102629325,1.047659593778661
49443,727,-25,0.1146449469334365,-0.01268412147738889,0.8771557420640986
49444,728,-25,0.058542100561754816,0.04537012544742943,1.0910783606567818
49445,728,-25,-0.1202552303266394,0.01244019621387724,0.9769212595854988
49446,728,-25,-0.12464588040497937,0.09074025089485886,1.0693689772177213
49447,728,-25,-0.20953191875573218,-0.02000188404760824,0.9122810422080404
49448,726,-25,-0.0212215111426448,0.04585797752940933,1.0827848939226026
49450,726,-25,-0.07244584446931047,0.01390374857242545,0.9213062590759706
49451,726,-25,0.09122810297683875,0.0343934815921004,1.0630269436907673
49452,726,-25,-0.007317762570219352,-0.02488039242775448,0.9203305922309691
49453,726,-25,0.09342343423583511,0.04927293277352906,1.078638110796902
49454,726,-25,0.010488792550827426,-0.01805048038455843,0.9256969589129216
49455,726,-25,0.09635053428806176,0.01585515223547526,1.0315605932500256
49456,726,-25,-0.09976549264209467,-0.00975701676029247,0.9091100254445633
49458,726,-25,-0.07708042991837996,0.08756922169172908,1.065954043742994
49459,721,-25,-0.3236890198270152,-0.00561028455942034,0.8817903586123
49460,721,-25,-0.14659916811563742,0.06439630688603447,1.0861998273973301
49461,721,-25,-0.09171595505881866,0.043662649380326164,1.0522942103268624
49462,721,-25,0.18221227680277438,-0.003902806548621328,1.0752231773221748
49464,733,-25,0.19514032276619664,-0.02658787004981434,0.6707948898304545
49465,733,-25,0.25197494415093497,0.060981354751827935,1.024974543494599
49466,733,-25,-0.1122056927433634,0.0041467318121329805,1.0113147100784674
49467,733,-25,-0.15806366405294633,0.11562063865774355,1.0783941940856516
49468,722,-25,-0.40564794568588863,-0.030490677375913967,0.922769858860695
49469,722,-25,-0.12098700533969607,-0.0031710303693472225,0.9622857593243657
49470,722,-25,-0.11049821356634694,-0.04390657231140292,0.8930109253987057
49471,722,-25,0.1778216267244344,-0.0075616878337310045,1.0622951935570162
49473,721,-25,0.21197118538545806,-0.0065859860022060976,0.8834978751082747
49474,721,-25,0.22270389387005757,0.07927575495754993,0.992776442920106
49475,721,-25,-0.07610472575442016,-0.04927293277352906,0.915208142260267
49476,721,-25,-0.05756639639779502,-0.030734600306990725,1.0113147100784674
49477,721,-25,-0.3380806282562035,-0.04585797752940933,0.9483820091969836
49478,723,-25,-0.24660857746898246,0.06464023603693761,0.9464305759897584
49480,723,-25,-0.16757675166233568,-0.006098135086443645,0.9466744927010089
49481,723,-25,0.02488039242775448,0.05073648590955556,1.076686777106899
49482,723,-25,0.21733755206741057,-0.05707854431581512,0.9459427425672577
49483,724,-25,0.19611602693015642,0.001951403274310664,0.9242333591281973
49484,724,-25,0.07415332364632694,-0.043662649380326164,0.826907157995134
49485,724,-25,0.014391599099448754,0.02878319819889751,1.0347316100135024
49486,724,-25,-0.2888076861529349,-0.016586927248531922,1.0025334099217875
49488,716,-25,-0.20904408533323143,0.05317574009962868,1.0474156770674106
49489,716,-25,-0.21270296039851472,-0.046101903570399276,0.9222819259209721
49490,716,-25,0.040735543108273146,-0.000487850818577666,0.9903371762903801
49491,716,-25,0.08683744667867242,-0.07366547156434704,0.8627641585142158
49492,716,-25,0.1441599139255643,0.03610096076911686,1.0447324937264344
49494,720,-25,0.00561028455942034,-0.07098229444319716,0.9313072423061245
49495,720,-25,0.04000376809521648,0.0065859860022060976,1.0942493774202589
49497,720,-25,-0.050004707786585716,-0.10976643855329028,0.9261847923354224
49498,720,-25,0.04561405148841938,0.012928046740900543,0.9617979259018649
49499,719,-25,-0.13123186796214206,-0.0017074778164294375,0.8913034089027311
49500,719,-25,-0.025612167440811136,0.09757016138309832,1.1198615277565473
49501,719,-25,-0.25099925242662796,-0.0207336590606649,0.9683838761400693
49502,719,-25,-0.08805707377370899,0.04488227647536272,1.008631526737491
49503,719,-25,-0.06220098184686449,-0.02658787004981434,0.9413081260190563
49504,717,-25,0.20953191875573218,0.04000376809521648,1.0688811437952206
49505,717,-25,0.12147485120184959,-0.03829628891820003,0.8644716750101905
49506,717,-25,0.140501038860281,0.01585515223547526,0.9661885262215938
49508,717,-25,-0.12074307618879293,-0.022685062723714716,0.948625925908234
49509,717,-25,-0.13123186796214206,0.048053305678492496,1.1210812108300214
49510,717,-25,-0.2553899025049679,-0.01951403352058494,0.9686277928513197
49511,717,-25,-0.044638350434372774,0.05366359218160858,0.9578950594874146
49512,717,-25,-0.06732341315808749,-0.02439254034577458,0.8842296252420259
49513,722,-25,0.04976078485550896,0.04537012544742943,1.03814654348823
49514,722,-25,0.0419551702033097,-0.03585703472812691,1.0235110432270966
49516,722,-25,0.1417206597354912,0.0024392541900731175,1.016193243337919
49517,722,-25,0.10049726765515132,-0.0641523839549577,0.908866108733313
49518,723,-25,0.12001130117573627,-0.011952344909375637,0.9200866755197188
49519,723,-25,-0.11001035526454066,0.01780655434356848,0.975701676029247
49520,723,-25,-0.15562440986287324,0.06951874441708385,1.0713204104249465
49521,723,-25,-0.3507647450687226,0.000243925409288833,0.9798483596377254
49523,717,-25,-0.26368336923914704,0.043174797298346265,0.9620418426131152
49524,717,-25,-0.0895206237998223,-0.004634582727895434,1.0271698934130744
49525,717,-25,0.30271143628031694,-0.010244867287315773,1.0313166765387751
49543,717,-25,-0.44028538752802404,0.05317574009962868,0.9857025597421788
49544,717,-25,-0.19514032276619664,0.00951309071930252,1.0118026430181901
49545,717,-25,0.1958720977792533,0.08683744667867242,1.0903466105230306
49546,717,-25,0.45516480450040764,0.001951403274310664,0.9034997420513604
49547,717,-25,0.3656441869204117,-0.019757958006618292,0.8691061920411699
49548,721,-25,0.0768365069873032,-0.001951403274310664,0.9669202763553449
49550,721,-25,-0.26148804419997707,0.052931810948725545,1.199625178334862
49551,721,-25,-0.42028347082632733,0.04537012544742943,0.975701676029247
49552,721,-25,-0.2807581361300061,0.10000941557317143,0.9717988096147967